Date,Open,High,Low,Close,Volume
2026-07-12 23:30:00+00:00,0.169903,0.169903,0.16976,0.16976,13.63282094088675
2026-07-12 23:35:00+00:00,0.169864,0.169915,0.169859,0.169915,9.68482850372959
2026-07-12 23:40:00+00:00,0.169915,0.169965,0.169915,0.169965,13.68112973934608
2026-07-12 23:45:00+00:00,0.169965,0.170032,0.169954,0.170032,11.61373060062184
2026-07-12 23:50:00+00:00,0.170032,0.170265,0.170012,0.170265,19.22553496386234
2026-07-12 23:55:00+00:00,0.170253,0.170265,0.170032,0.170259,11.48889146899107
2026-07-13 00:00:00+00:00,0.170248,0.170265,0.170165,0.170234,13.3532096009887
2026-07-13 00:05:00+00:00,0.170234,0.170234,0.170066,0.170066,13.54255963684252
2026-07-13 00:10:00+00:00,0.170116,0.171737,0.170116,0.171737,35.06606907288308
2026-07-13 00:15:00+00:00,0.171737,0.171766,0.171737,0.171737,11.6784466
2026-07-13 00:20:00+00:00,0.171727,0.173178,0.171727,0.173178,35.55804474094762
2026-07-13 00:25:00+00:00,0.172876,0.172876,0.172584,0.172592,82.57964602542528
2026-07-13 00:30:00+00:00,0.172421,0.172421,0.171733,0.171733,13.20010042084654
2026-07-13 00:35:00+00:00,0.171726,0.171726,0.171689,0.171689,11.1947933689438
2026-07-13 00:40:00+00:00,0.17162,0.17162,0.170735,0.170735,36.73648978781115
2026-07-13 00:45:00+00:00,0.170032,0.170032,0.169864,0.169965,9.9427
2026-07-13 00:50:00+00:00,0.169965,0.169965,0.169915,0.169915,9.6353155
2026-07-13 00:55:00+00:00,0.170032,0.170032,0.170032,0.170032,9.8108464
2026-07-13 01:00:00+00:00,0.170032,0.170215,0.170027,0.170215,11.34854399576763
2026-07-13 01:05:00+00:00,0.170066,0.170066,0.170066,0.170066,9.778795
2026-07-13 01:10:00+00:00,0.170032,0.170032,0.170027,0.170032,11.63138742729149
2026-07-13 01:15:00+00:00,0.170032,0.170165,0.170032,0.170032,9.7443498
2026-07-13 01:20:00+00:00,0.170015,0.170032,0.170015,0.170032,9.8102548
2026-07-13 01:25:00+00:00,0.170032,0.170032,0.170032,0.170032,9.7428336
2026-07-13 01:30:00+00:00,0.170015,0.170032,0.170015,0.170032,9.7086351
2026-07-13 01:35:00+00:00,0.170032,0.170032,0.169965,0.169965,9.7397315
2026-07-13 01:40:00+00:00,0.169965,0.170032,0.169965,0.170032,9.8950852
2026-07-13 01:45:00+00:00,0.170032,0.170032,0.170032,0.170032,9.8108464
2026-07-13 01:50:00+00:00,0.170032,0.170032,0.170015,0.170032,9.6236225
2026-07-13 01:55:00+00:00,0.169965,0.169965,0.169462,0.169462,9.7545831
2026-07-13 02:00:00+00:00,0.169462,0.169513,0.169462,0.169513,9.4057122
2026-07-13 02:05:00+00:00,0.169513,0.169513,0.168369,0.168369,34.9176621361513
2026-07-13 02:10:00+00:00,0.168335,0.169374,0.168335,0.169374,36.78976656424654
2026-07-13 02:15:00+00:00,0.169374,0.170066,0.169374,0.170032,11.30952065171843
2026-07-13 02:20:00+00:00,0.170032,0.170032,0.170032,0.170032,9.861856
2026-07-13 02:25:00+00:00,0.170032,0.170165,0.170032,0.170165,9.7103434
2026-07-13 02:30:00+00:00,0.170315,0.173027,0.170265,0.172446,84.34896490954586
2026-07-13 02:35:00+00:00,0.171866,0.171965,0.171737,0.171737,9.8470128
2026-07-13 02:40:00+00:00,0.171519,0.17167,0.171519,0.17167,9.7972532
2026-07-13 02:45:00+00:00,0.17172,0.17172,0.17162,0.17162,9.854468
2026-07-13 02:50:00+00:00,0.171737,0.171737,0.171419,0.171419,9.5930069
2026-07-13 02:55:00+00:00,0.17162,0.17162,0.171318,0.171318,9.8582418
2026-07-13 03:00:00+00:00,0.171318,0.171318,0.170862,0.170862,35.11381484671068
2026-07-13 03:05:00+00:00,0.170853,0.170853,0.169181,0.169181,34.54043675462073
2026-07-13 03:10:00+00:00,0.16918,0.16918,0.168214,0.168335,11.40259149389012
2026-07-13 03:15:00+00:00,0.168369,0.169864,0.168369,0.169181,60.34643259566831
2026-07-13 03:20:00+00:00,0.169011,0.169011,0.168335,0.168335,9.60736284734933
2026-07-13 03:25:00+00:00,0.168369,0.168369,0.168367,0.168367,9.6137785
2026-07-13 03:30:00+00:00,0.168417,0.168417,0.168335,0.168335,9.764373
2026-07-13 03:35:00+00:00,0.168335,0.168335,0.166815,0.166815,34.57867825265405
2026-07-13 03:40:00+00:00,0.166815,0.166815,0.166769,0.166769,11.05360679709411
2026-07-13 03:45:00+00:00,0.166762,0.166762,0.166655,0.166655,9.42701461129328
2026-07-13 03:50:00+00:00,0.166679,0.166679,0.166655,0.166655,9.6329446
2026-07-13 03:55:00+00:00,0.166679,0.166829,0.166679,0.166779,9.5570467
2026-07-13 04:00:00+00:00,0.166779,0.166779,0.166655,0.166655,9.6530497
2026-07-13 04:05:00+00:00,0.166655,0.166729,0.166655,0.166729,9.6019106
2026-07-13 04:10:00+00:00,0.166655,0.166729,0.166655,0.166729,9.5510187
2026-07-13 04:15:00+00:00,0.166729,0.166729,0.166655,0.166729,9.5185387
2026-07-13 04:20:00+00:00,0.166729,0.166729,0.166679,0.166679,9.5013314
2026-07-13 04:25:00+00:00,0.166679,0.166679,0.16666,0.16666,9.5667305
2026-07-13 04:30:00+00:00,0.16666,0.16666,0.166579,0.166579,9.298737
2026-07-13 04:35:00+00:00,0.16666,0.16666,0.16666,0.16666,9.682946
2026-07-13 04:40:00+00:00,0.16666,0.16666,0.16666,0.16666,9.316294
2026-07-13 04:45:00+00:00,0.16666,0.16666,0.16666,0.16666,9.58295
2026-07-13 04:50:00+00:00,0.16666,0.16673,0.16666,0.16666,9.533992
2026-07-13 04:55:00+00:00,0.16666,0.16666,0.16666,0.16666,9.566284
2026-07-13 05:00:00+00:00,0.16666,0.166779,0.166529,0.16666,9.5828525
2026-07-13 05:05:00+00:00,0.16666,0.166879,0.16666,0.16678,9.3708319
2026-07-13 05:10:00+00:00,0.166629,0.166629,0.166277,0.166378,9.7532925
2026-07-13 05:15:00+00:00,0.166478,0.166529,0.166428,0.166428,9.5214432
2026-07-13 05:20:00+00:00,0.166478,0.166579,0.166478,0.166478,9.5092975
2026-07-13 05:25:00+00:00,0.166478,0.166478,0.166478,0.166478,9.4559504
2026-07-13 05:30:00+00:00,0.166378,0.16666,0.166277,0.166529,9.4528706
2026-07-13 05:35:00+00:00,0.166529,0.166629,0.166529,0.166629,9.3955856
2026-07-13 05:40:00+00:00,0.16666,0.166879,0.16666,0.16668,9.6362501
2026-07-13 05:45:00+00:00,0.16673,0.166779,0.16673,0.166779,9.6053238
2026-07-13 05:50:00+00:00,0.166779,0.166779,0.166779,0.166779,9.8066052
2026-07-13 05:55:00+00:00,0.166779,0.166779,0.16666,0.16666,9.6717659
2026-07-13 06:00:00+00:00,0.16666,0.167494,0.16666,0.167494,34.7713217500928
2026-07-13 06:05:00+00:00,0.168217,0.168217,0.168167,0.168167,9.6197174
2026-07-13 06:10:00+00:00,0.168217,0.168331,0.168217,0.168331,9.55841
2026-07-13 06:15:00+00:00,0.168331,0.168331,0.168267,0.168267,9.4746861
2026-07-13 06:20:00+00:00,0.168267,0.168331,0.168267,0.168267,9.7785591
2026-07-13 06:25:00+00:00,0.168267,0.168331,0.168267,0.168331,9.5431493
2026-07-13 06:30:00+00:00,0.168331,0.168331,0.168066,0.168167,9.6739867
2026-07-13 06:35:00+00:00,0.168167,0.168167,0.167966,0.167966,9.6468908
2026-07-13 06:40:00+00:00,0.168331,0.168331,0.167815,0.167815,9.6888595
2026-07-13 06:45:00+00:00,0.167815,0.167865,0.16666,0.16666,34.7310970500928
2026-07-13 06:50:00+00:00,0.16666,0.16666,0.16666,0.16666,9.599616
2026-07-13 06:55:00+00:00,0.16666,0.16666,0.16666,0.16666,9.349626
2026-07-13 07:00:00+00:00,0.16666,0.16666,0.16666,0.16666,9.432956
2026-07-13 07:05:00+00:00,0.16666,0.16668,0.16666,0.16668,9.733182
2026-07-13 07:10:00+00:00,0.16673,0.167028,0.16673,0.167028,9.5760059
2026-07-13 07:15:00+00:00,0.166829,0.166829,0.166779,0.166779,9.4914301
2026-07-13 07:20:00+00:00,0.166779,0.166779,0.16666,0.16673,9.7868011
2026-07-13 07:25:00+00:00,0.16673,0.166779,0.16673,0.166779,9.6058971
2026-07-13 07:30:00+00:00,0.166661,0.167028,0.166661,0.166779,9.4779708
2026-07-13 07:35:00+00:00,0.166779,0.166978,0.166779,0.166978,9.6133359
2026-07-13 07:40:00+00:00,0.166829,0.166829,0.16668,0.16668,9.7744361
2026-07-13 07:45:00+00:00,0.16668,0.16668,0.16668,0.16668,9.41742
2026-07-13 07:50:00+00:00,0.16666,0.166829,0.16666,0.166829,9.5884743
2026-07-13 07:55:00+00:00,0.166779,0.166779,0.16668,0.16673,9.5380817
2026-07-13 08:00:00+00:00,0.16673,0.16673,0.16666,0.16666,9.585011
2026-07-13 08:05:00+00:00,0.16666,0.16666,0.16666,0.16666,9.516286
2026-07-13 08:10:00+00:00,0.16666,0.16666,0.166629,0.16666,9.4326026
2026-07-13 08:15:00+00:00,0.16666,0.16666,0.166629,0.166629,9.7159091
2026-07-13 08:20:00+00:00,0.166629,0.166629,0.166478,0.166478,9.5776707
2026-07-13 08:25:00+00:00,0.166478,0.166529,0.166478,0.166529,9.6574835
2026-07-13 08:30:00+00:00,0.166529,0.166629,0.166529,0.166629,9.6133133
2026-07-13 08:35:00+00:00,0.166428,0.166478,0.166428,0.166478,9.6212584
2026-07-13 08:40:00+00:00,0.166529,0.166629,0.166529,0.166629,9.5622446
2026-07-13 08:45:00+00:00,0.166629,0.16666,0.166629,0.16666,9.6988928
2026-07-13 08:50:00+00:00,0.16666,0.16666,0.166629,0.166629,9.6485414
2026-07-13 08:55:00+00:00,0.166629,0.16666,0.166629,0.16666,9.5155823
2026-07-13 09:00:00+00:00,0.16666,0.166879,0.16666,0.166879,9.5862139
2026-07-13 09:05:00+00:00,0.166879,0.166879,0.166829,0.166829,9.5437288
2026-07-13 09:10:00+00:00,0.166829,0.166829,0.166829,0.166829,9.4425214
2026-07-13 09:15:00+00:00,0.166829,0.167857,0.166829,0.167857,36.33377446378929
2026-07-13 09:20:00+00:00,0.167857,0.169169,0.167857,0.169169,36.48772220072577
2026-07-13 09:25:00+00:00,0.170009,0.170009,0.169607,0.169607,9.6269372
2026-07-13 09:30:00+00:00,0.169607,0.169607,0.168975,0.168975,38.47155765904223
2026-07-13 09:35:00+00:00,0.168975,0.168975,0.168929,0.168929,11.25475421011563
2026-07-13 09:40:00+00:00,0.169169,0.169858,0.169169,0.169708,33.11662044553086
2026-07-13 09:45:00+00:00,0.169708,0.169708,0.169557,0.169557,9.6885299
2026-07-13 09:50:00+00:00,0.169557,0.169808,0.169557,0.169657,9.740484
2026-07-13 09:55:00+00:00,0.169657,0.169858,0.169657,0.169858,9.6434119
2026-07-13 10:00:00+00:00,0.169808,0.169858,0.169657,0.169858,9.7633333
2026-07-13 10:05:00+00:00,0.169858,0.170015,0.169758,0.170015,9.7030698
2026-07-13 10:10:00+00:00,0.170015,0.170015,0.170009,0.170009,9.8438025
2026-07-13 10:15:00+00:00,0.170009,0.170015,0.169909,0.169909,9.7551556
2026-07-13 10:20:00+00:00,0.169808,0.169808,0.169557,0.169557,9.7898069
2026-07-13 10:25:00+00:00,0.169557,0.169608,0.169557,0.169608,9.9214611
2026-07-13 10:30:00+00:00,0.16917,0.16917,0.168324,0.168364,33.0877196171728
2026-07-13 10:35:00+00:00,0.168324,0.169959,0.168324,0.169809,35.0902981171728
2026-07-13 10:40:00+00:00,0.169859,0.169859,0.16917,0.16917,34.9806701171728
2026-07-13 10:45:00+00:00,0.168324,0.168324,0.168324,0.168324,9.67863
2026-07-13 10:50:00+00:00,0.168324,0.168513,0.168324,0.168324,9.6975981
2026-07-13 10:55:00+00:00,0.168324,0.168324,0.168324,0.168324,9.6954624
2026-07-13 11:00:00+00:00,0.168324,0.168324,0.168324,0.168324,9.7291272
2026-07-13 11:05:00+00:00,0.168324,0.168413,0.168324,0.168413,9.7164511
2026-07-13 11:10:00+00:00,0.168513,0.168612,0.168413,0.168612,9.8556589
2026-07-13 11:15:00+00:00,0.168513,0.168513,0.168364,0.168364,9.5491008
2026-07-13 11:20:00+00:00,0.168364,0.168513,0.168364,0.168513,9.6018885
2026-07-13 11:25:00+00:00,0.168463,0.168463,0.168462,0.168462,9.5854993
2026-07-13 11:30:00+00:00,0.168462,0.168611,0.168412,0.168412,9.8573336
2026-07-13 11:35:00+00:00,0.168412,0.169168,0.168363,0.169168,33.14391785973952
2026-07-13 11:40:00+00:00,0.169908,0.172569,0.169908,0.172356,84.14691819139217
2026-07-13 11:45:00+00:00,0.172345,0.172345,0.171552,0.171552,13.23497970904229
2026-07-13 11:50:00+00:00,0.17086,0.17086,0.170735,0.170735,36.35219701591193
2026-07-13 11:55:00+00:00,0.170731,0.170731,0.170701,0.170701,9.40477784206668
2026-07-13 12:00:00+00:00,0.170692,0.170692,0.170326,0.170326,9.2425443192882
2026-07-13 12:05:00+00:00,0.170318,0.170318,0.170284,0.170284,9.44689888628982
2026-07-13 12:10:00+00:00,0.170284,0.170284,0.170222,0.170222,14.99353618364729
2026-07-13 12:15:00+00:00,0.170211,0.170211,0.170178,0.170178,11.3468472896568
2026-07-13 12:20:00+00:00,0.170172,0.170172,0.170141,0.170141,9.85221456636463
2026-07-13 12:25:00+00:00,0.170141,0.170141,0.170099,0.170099,11.61833398214263
2026-07-13 12:30:00+00:00,0.170092,0.170092,0.170052,0.170052,11.27926000130006
2026-07-13 12:35:00+00:00,0.170043,0.170043,0.170015,0.170015,9.18483903878641
2026-07-13 12:40:00+00:00,0.170015,0.170015,0.169968,0.169968,13.04528803713941
2026-07-13 12:45:00+00:00,0.169963,0.169963,0.169934,0.169934,9.33346950700646
2026-07-13 12:50:00+00:00,0.169927,0.169927,0.169898,0.169898,10.94439456701381
2026-07-13 12:55:00+00:00,0.169898,0.169898,0.169854,0.169854,13.13919955656957
2026-07-13 13:00:00+00:00,0.169854,0.170944,0.169824,0.170866,111.09850882464148
2026-07-13 13:05:00+00:00,0.170015,0.170015,0.170015,0.170015,9.792864
2026-07-13 13:10:00+00:00,0.170015,0.170015,0.170015,0.170015,9.7078565
2026-07-13 13:15:00+00:00,0.170015,0.170015,0.170007,0.170007,9.6396721
2026-07-13 13:20:00+00:00,0.169906,0.169906,0.169806,0.169806,9.7842756
2026-07-13 13:25:00+00:00,0.169806,0.170015,0.169806,0.170015,9.5477579
2026-07-13 13:30:00+00:00,0.169755,0.169755,0.168206,0.168206,32.98075523591048
2026-07-13 13:35:00+00:00,0.168055,0.168206,0.168005,0.168206,9.4805946
2026-07-13 13:40:00+00:00,0.168318,0.168318,0.168105,0.168318,9.6726366
2026-07-13 13:45:00+00:00,0.168156,0.168318,0.168156,0.168156,9.7219246
2026-07-13 13:50:00+00:00,0.168256,0.168318,0.168206,0.168318,9.7421652
2026-07-13 13:55:00+00:00,0.168318,0.16841,0.168318,0.168318,9.646673
2026-07-13 14:00:00+00:00,0.16841,0.16841,0.168361,0.168361,9.5140625
2026-07-13 14:05:00+00:00,0.16851,0.16851,0.16851,0.16851,9.638772
2026-07-13 14:10:00+00:00,0.16841,0.16851,0.168361,0.168361,9.5169111
2026-07-13 14:15:00+00:00,0.168318,0.168318,0.168256,0.168256,9.608856
2026-07-13 14:20:00+00:00,0.168206,0.168318,0.168156,0.168318,9.4033824
2026-07-13 14:25:00+00:00,0.168318,0.16832,0.168318,0.16832,9.5268892
2026-07-13 14:30:00+00:00,0.16832,0.168509,0.16832,0.168509,9.6331413
2026-07-13 14:35:00+00:00,0.168509,0.168509,0.16832,0.16832,9.8662153
2026-07-13 14:40:00+00:00,0.168309,0.16832,0.168309,0.16832,9.6277786
2026-07-13 14:45:00+00:00,0.16832,0.16832,0.16832,0.16832,9.59424
2026-07-13 14:50:00+00:00,0.16832,0.16832,0.168259,0.168259,9.3732828
2026-07-13 14:55:00+00:00,0.16832,0.16832,0.16832,0.16832,9.526912
2026-07-13 15:00:00+00:00,0.16836,0.16836,0.16832,0.16832,9.443228
2026-07-13 15:05:00+00:00,0.168309,0.16832,0.168259,0.16832,9.5427984
2026-07-13 15:10:00+00:00,0.16832,0.16832,0.168159,0.168159,9.6924371
2026-07-13 15:15:00+00:00,0.168159,0.168209,0.168159,0.168209,9.586203
2026-07-13 15:20:00+00:00,0.168209,0.168309,0.168159,0.168309,9.7068193
2026-07-13 15:25:00+00:00,0.168309,0.168309,0.168209,0.168209,9.6900084
2026-07-13 15:30:00+00:00,0.168108,0.168159,0.168108,0.168159,9.6668118
2026-07-13 15:35:00+00:00,0.168159,0.168159,0.167958,0.168108,9.51267
2026-07-13 15:40:00+00:00,0.168108,0.168108,0.168058,0.168058,9.6482392
2026-07-13 15:45:00+00:00,0.168058,0.168058,0.167958,0.168058,9.5926818
2026-07-13 15:50:00+00:00,0.168058,0.168058,0.168058,0.168058,9.7305582
2026-07-13 15:55:00+00:00,0.168058,0.168159,0.168008,0.168159,9.8308298
2026-07-13 16:00:00+00:00,0.168159,0.169754,0.168159,0.169754,35.0449809995864
2026-07-13 16:05:00+00:00,0.169754,0.170008,0.168509,0.168509,34.9641383995864
2026-07-13 16:10:00+00:00,0.168509,0.168509,0.16832,0.16846,9.7190986
2026-07-13 16:15:00+00:00,0.16846,0.168509,0.168409,0.168509,9.6875193
2026-07-13 16:20:00+00:00,0.168459,0.169162,0.16832,0.169162,35.0013821995864
2026-07-13 16:25:00+00:00,0.170008,0.170008,0.169905,0.169905,9.7731116
2026-07-13 16:30:00+00:00,0.170008,0.170008,0.169905,0.169905,9.7209041
2026-07-13 16:35:00+00:00,0.169804,0.169804,0.169604,0.169704,9.9458344
2026-07-13 16:40:00+00:00,0.169503,0.169503,0.169503,0.169503,9.7803231
2026-07-13 16:45:00+00:00,0.169503,0.170008,0.169503,0.169754,9.7089696
2026-07-13 16:50:00+00:00,0.169754,0.169805,0.169704,0.169704,9.8638718
2026-07-13 16:55:00+00:00,0.169604,0.169754,0.169604,0.169754,9.587141
2026-07-13 17:00:00+00:00,0.170008,0.170008,0.169704,0.169704,9.729296
2026-07-13 17:05:00+00:00,0.169754,0.169855,0.169754,0.169805,9.9675417
2026-07-13 17:10:00+00:00,0.169805,0.169805,0.169704,0.169704,9.6063574
2026-07-13 17:15:00+00:00,0.169654,0.169754,0.169654,0.169754,9.503964
2026-07-13 17:20:00+00:00,0.169754,0.169955,0.169754,0.169955,9.663505
2026-07-13 17:25:00+00:00,0.169955,0.17001,0.169904,0.17001,9.6692858
2026-07-13 17:30:00+00:00,0.17001,0.17001,0.17001,0.17001,9.758574
2026-07-13 17:35:00+00:00,0.17001,0.17001,0.169904,0.169904,9.8574668
2026-07-13 17:40:00+00:00,0.169904,0.17001,0.169904,0.169954,9.7045414
2026-07-13 17:45:00+00:00,0.169954,0.169954,0.169853,0.169853,9.6182248
2026-07-13 17:50:00+00:00,0.169954,0.170004,0.169904,0.170004,9.8755024
2026-07-13 17:55:00+00:00,0.17001,0.17001,0.169753,0.169753,9.6348674
2026-07-13 18:00:00+00:00,0.169451,0.169703,0.169451,0.169703,9.6831544
2026-07-13 18:05:00+00:00,0.17001,0.17001,0.169703,0.169803,9.881333
2026-07-13 18:10:00+00:00,0.169803,0.169803,0.169753,0.169803,9.6097398
2026-07-13 18:15:00+00:00,0.169803,0.17001,0.169803,0.169904,9.8060194
2026-07-13 18:20:00+00:00,0.170004,0.170004,0.169853,0.169853,9.6000165
2026-07-13 18:25:00+00:00,0.169853,0.169853,0.168839,0.168839,34.69994657077399
2026-07-13 18:30:00+00:00,0.168827,0.168827,0.168508,0.168508,13.45858012585607
2026-07-13 18:35:00+00:00,0.168508,0.168508,0.167952,0.167952,13.18749983768416
2026-07-13 18:40:00+00:00,0.167952,0.168254,0.167952,0.167952,9.630765
2026-07-13 18:45:00+00:00,0.168053,0.168053,0.167952,0.167952,9.6751664
2026-07-13 18:50:00+00:00,0.167952,0.167952,0.167902,0.167902,9.6393448
2026-07-13 18:55:00+00:00,0.167902,0.168002,0.167902,0.168002,9.6925554
2026-07-13 19:00:00+00:00,0.168002,0.168313,0.167852,0.167852,9.6590154
2026-07-13 19:05:00+00:00,0.167852,0.168272,0.167852,0.167852,9.6898484
2026-07-13 19:10:00+00:00,0.167751,0.167751,0.167651,0.167651,9.5248868
2026-07-13 19:15:00+00:00,0.167701,0.167701,0.167429,0.167429,36.50030410592559
2026-07-13 19:20:00+00:00,0.167423,0.167423,0.166629,0.166629,9.37825360044416
2026-07-13 19:25:00+00:00,0.166629,0.166636,0.166629,0.166636,9.7147962
2026-07-13 19:30:00+00:00,0.166636,0.166636,0.166636,0.166636,9.6982152
2026-07-13 19:35:00+00:00,0.166636,0.166636,0.166219,0.166219,9.4602544
2026-07-13 19:40:00+00:00,0.166219,0.166219,0.166219,0.166219,9.640702
2026-07-13 19:45:00+00:00,0.166219,0.166636,0.166219,0.166636,11.25632927903964
2026-07-13 19:50:00+00:00,0.166636,0.166636,0.166636,0.166636,9.6982152
2026-07-13 19:55:00+00:00,0.166636,0.166636,0.166466,0.166466,9.4424812
2026-07-13 20:00:00+00:00,0.166466,0.166636,0.166366,0.166366,9.57034
2026-07-13 20:05:00+00:00,0.166466,0.166517,0.166466,0.166517,9.6229333
2026-07-13 20:10:00+00:00,0.166517,0.166718,0.166517,0.166636,9.6651893
2026-07-13 20:15:00+00:00,0.166636,0.166636,0.166567,0.166567,9.5303582
2026-07-13 20:20:00+00:00,0.166567,0.166567,0.166517,0.166517,9.5758775
2026-07-13 20:25:00+00:00,0.166416,0.166636,0.166416,0.166416,9.488308
2026-07-13 20:30:00+00:00,0.166517,0.166567,0.166517,0.166567,9.6424893
2026-07-13 20:35:00+00:00,0.166517,0.166517,0.166416,0.166416,9.6699614
2026-07-13 20:40:00+00:00,0.166416,0.166466,0.166416,0.166466,9.5540284
2026-07-13 20:45:00+00:00,0.166517,0.166517,0.166366,0.166366,9.505843
2026-07-13 20:50:00+00:00,0.166366,0.166567,0.166366,0.166567,9.5396259
2026-07-13 20:55:00+00:00,0.166517,0.166517,0.166265,0.166265,9.6882906
2026-07-13 21:00:00+00:00,0.166265,0.166416,0.166265,0.166416,9.4971441
2026-07-13 21:05:00+00:00,0.166466,0.166466,0.166265,0.166265,9.6359895
2026-07-13 21:10:00+00:00,0.166215,0.166636,0.165802,0.165802,34.5006882490418
2026-07-13 21:15:00+00:00,0.164988,0.164988,0.164988,0.164988,9.3713184
2026-07-13 21:20:00+00:00,0.164972,0.164972,0.164972,0.164972,9.5518788
2026-07-13 21:25:00+00:00,0.164972,0.164972,0.164966,0.164972,11.23247217212658
2026-07-13 21:30:00+00:00,0.164972,0.164972,0.164972,0.164972,9.4693928
2026-07-13 21:35:00+00:00,0.164972,0.164972,0.164972,0.164972,9.4528956
2026-07-13 21:40:00+00:00,0.164972,0.164972,0.164933,0.164972,13.42052385564235
2026-07-13 21:45:00+00:00,0.164972,0.164972,0.164972,0.164972,9.3869068
2026-07-13 21:50:00+00:00,0.164972,0.164972,0.164972,0.164972,9.403404
2026-07-13 21:55:00+00:00,0.164972,0.164972,0.164972,0.164972,9.568376
2026-07-13 22:00:00+00:00,0.164972,0.164972,0.164972,0.164972,9.4363984
2026-07-13 22:05:00+00:00,0.164972,0.164988,0.164972,0.164988,9.3541012
2026-07-13 22:10:00+00:00,0.164988,0.165187,0.164972,0.165088,9.440427
2026-07-13 22:15:00+00:00,0.165088,0.165436,0.165088,0.165336,9.1546798
2026-07-13 22:20:00+00:00,0.165802,0.166466,0.165802,0.166466,32.7948282490418
2026-07-13 22:25:00+00:00,0.166466,0.166618,0.166466,0.166618,9.4254677
2026-07-13 22:30:00+00:00,0.166618,0.166637,0.166618,0.166637,9.6807281
2026-07-13 22:35:00+00:00,0.166637,0.166637,0.166637,0.166637,9.3983268
2026-07-13 22:40:00+00:00,0.166567,0.166637,0.166567,0.166567,9.6283986
2026-07-13 22:45:00+00:00,0.166567,0.166637,0.166567,0.166637,9.4142065
2026-07-13 22:50:00+00:00,0.166637,0.166637,0.166618,0.166618,9.7478123
2026-07-13 22:55:00+00:00,0.166618,0.166637,0.166517,0.166637,9.6106248
2026-07-13 23:00:00+00:00,0.166517,0.166517,0.164973,0.165088,34.49140873281676
2026-07-13 23:05:00+00:00,0.165088,0.165237,0.165088,0.165088,9.4777647
2026-07-13 23:10:00+00:00,0.164973,0.165088,0.164973,0.165088,9.3566371
2026-07-13 23:15:00+00:00,0.165088,0.165138,0.164973,0.164973,9.4588559
2026-07-13 23:20:00+00:00,0.164973,0.164973,0.164973,0.164973,9.3704664
2026-07-13 23:25:00+00:00,0.164973,0.164973,0.164951,0.164951,9.468436
2026-07-13 23:30:00+00:00,0.164951,0.165101,0.164801,0.165101,9.3891658
2026-07-13 23:35:00+00:00,0.165101,0.165201,0.1649,0.165201,9.3233274
2026-07-13 23:40:00+00:00,0.165051,0.165748,0.165051,0.165748,9.4710551
2026-07-13 23:45:00+00:00,0.165748,0.165748,0.165499,0.165499,9.5189564
2026-07-13 23:50:00+00:00,0.165451,0.165451,0.165401,0.165401,9.4957324
2026-07-13 23:55:00+00:00,0.165548,0.165548,0.165251,0.165251,9.455743
2026-07-14 00:00:00+00:00,0.165202,0.165499,0.164975,0.165251,9.7347393
2026-07-14 00:05:00+00:00,0.165251,0.1655,0.165251,0.165401,9.5423798
2026-07-14 00:10:00+00:00,0.165997,0.168291,0.165997,0.168291,59.7374715368575
2026-07-14 00:15:00+00:00,0.16795,0.16795,0.167901,0.167901,9.6386395
2026-07-14 00:20:00+00:00,0.167901,0.1681,0.1679,0.1679,9.6251816
2026-07-14 00:25:00+00:00,0.1679,0.168199,0.1679,0.168149,9.5653497
2026-07-14 00:30:00+00:00,0.168199,0.168249,0.167998,0.167998,9.564234
2026-07-14 00:35:00+00:00,0.167998,0.168048,0.167847,0.167847,9.54112
2026-07-14 00:40:00+00:00,0.168048,0.168048,0.167847,0.167847,9.5023713
2026-07-14 00:45:00+00:00,0.167847,0.167998,0.167847,0.167998,9.7739049
2026-07-14 00:50:00+00:00,0.167948,0.168048,0.167948,0.168048,9.5590762
2026-07-14 00:55:00+00:00,0.168098,0.168149,0.168048,0.168149,9.5816076
2026-07-14 01:00:00+00:00,0.167948,0.167948,0.167747,0.167747,9.6020227
2026-07-14 01:05:00+00:00,0.167747,0.167797,0.167747,0.167797,9.7987498
2026-07-14 01:10:00+00:00,0.167797,0.167797,0.16662,0.166712,34.6664588283804
2026-07-14 01:15:00+00:00,0.166761,0.166761,0.166761,0.166761,9.6221097
2026-07-14 01:20:00+00:00,0.166712,0.166712,0.166712,0.166712,9.5525976
2026-07-14 01:25:00+00:00,0.166712,0.166712,0.16671,0.16671,9.335782
2026-07-14 01:30:00+00:00,0.166621,0.16666,0.166621,0.166621,9.4978299
2026-07-14 01:35:00+00:00,0.166621,0.166621,0.166559,0.166559,9.5800255
2026-07-14 01:40:00+00:00,0.166559,0.166621,0.166559,0.166621,9.6126057
2026-07-14 01:45:00+00:00,0.166621,0.166621,0.166621,0.166621,9.497397
2026-07-14 01:50:00+00:00,0.166621,0.166621,0.166621,0.166621,9.3641002
2026-07-14 01:55:00+00:00,0.166621,0.166621,0.166621,0.166621,9.5473833
2026-07-14 02:00:00+00:00,0.166621,0.166621,0.166621,0.166621,9.5973696
2026-07-14 02:05:00+00:00,0.166621,0.166621,0.166621,0.166621,9.5473833
2026-07-14 02:10:00+00:00,0.166621,0.166621,0.166621,0.166621,9.4807349
2026-07-14 02:15:00+00:00,0.166621,0.166621,0.166621,0.166621,9.7140043
2026-07-14 02:20:00+00:00,0.166621,0.166621,0.166621,0.166621,9.4474107
2026-07-14 02:25:00+00:00,0.166621,0.166621,0.16661,0.16661,9.7137491
2026-07-14 02:30:00+00:00,0.166559,0.16661,0.166459,0.166459,9.3434013
2026-07-14 02:35:00+00:00,0.166459,0.166509,0.166459,0.166509,9.5558966
2026-07-14 02:40:00+00:00,0.166621,0.166621,0.166559,0.16661,9.4285134
2026-07-14 02:45:00+00:00,0.16661,0.166621,0.16661,0.166621,9.5638012
2026-07-14 02:50:00+00:00,0.166621,0.166621,0.166621,0.166621,9.5807075
2026-07-14 02:55:00+00:00,0.166621,0.166621,0.166621,0.166621,9.6473559
2026-07-14 03:00:00+00:00,0.166621,0.166621,0.166621,0.166621,9.4307486
2026-07-14 03:05:00+00:00,0.166621,0.166621,0.166509,0.166509,9.3128147
2026-07-14 03:10:00+00:00,0.166509,0.166621,0.166509,0.16661,9.3958138
2026-07-14 03:15:00+00:00,0.166559,0.166559,0.166459,0.166509,9.4255494
2026-07-14 03:20:00+00:00,0.166509,0.166509,0.166459,0.166459,9.6224852
2026-07-14 03:25:00+00:00,0.166358,0.166358,0.166358,0.166358,9.5323134
2026-07-14 03:30:00+00:00,0.166459,0.166509,0.166459,0.166509,9.6718629
2026-07-14 03:35:00+00:00,0.16661,0.166621,0.16661,0.16661,9.463822
2026-07-14 03:40:00+00:00,0.16661,0.16676,0.16661,0.16666,12.99907169497652
2026-07-14 03:45:00+00:00,0.16666,0.16681,0.166645,0.16671,18.34786594253562
2026-07-14 03:50:00+00:00,0.16671,0.16671,0.166621,0.166621,9.6160876
2026-07-14 03:55:00+00:00,0.166621,0.166621,0.166621,0.166621,9.664018
2026-07-14 04:00:00+00:00,0.166621,0.166621,0.166609,0.166621,11.23256876603777
2026-07-14 04:05:00+00:00,0.16671,0.16671,0.166621,0.166621,9.6155026
2026-07-14 04:10:00+00:00,0.166621,0.16676,0.166208,0.166208,9.5601153
2026-07-14 04:15:00+00:00,0.166258,0.166258,0.166258,0.166258,9.3270738
2026-07-14 04:20:00+00:00,0.166258,0.166621,0.166208,0.166621,9.4127599
2026-07-14 04:25:00+00:00,0.166258,0.166409,0.166258,0.166409,9.528335
2026-07-14 04:30:00+00:00,0.166409,0.166409,0.166409,0.166409,9.5352357
2026-07-14 04:35:00+00:00,0.166509,0.166621,0.166409,0.166621,9.5757135
2026-07-14 04:40:00+00:00,0.166621,0.166621,0.166621,0.166621,9.6140317
2026-07-14 04:45:00+00:00,0.166621,0.166621,0.16661,0.16661,9.4304945
2026-07-14 04:50:00+00:00,0.16661,0.166621,0.166604,0.16661,14.79249960596218
2026-07-14 04:55:00+00:00,0.166598,0.16661,0.166547,0.166559,18.66127012338352
2026-07-14 05:00:00+00:00,0.166553,0.16661,0.166541,0.16661,14.87841855871602
2026-07-14 05:05:00+00:00,0.166603,0.16666,0.166603,0.16666,18.72930033025289
2026-07-14 05:10:00+00:00,0.166621,0.16681,0.16661,0.16681,16.6263692084654
2026-07-14 05:15:00+00:00,0.166799,0.166859,0.166749,0.166749,15.04948964392712
2026-07-14 05:20:00+00:00,0.166749,0.166909,0.16672,0.16676,20.42282568331615
2026-07-14 05:25:00+00:00,0.16676,0.167058,0.166746,0.166909,21.76464216093568
2026-07-14 05:30:00+00:00,0.166909,0.166909,0.16676,0.16676,13.01079369699016
2026-07-14 05:35:00+00:00,0.16676,0.16676,0.166705,0.166705,14.83942607316223
2026-07-14 05:40:00+00:00,0.166909,0.167058,0.166891,0.167058,11.57743152441206
2026-07-14 05:45:00+00:00,0.166909,0.166909,0.16671,0.16671,9.6238236
2026-07-14 05:50:00+00:00,0.166621,0.16676,0.166621,0.16676,9.5514234
2026-07-14 05:55:00+00:00,0.16676,0.16676,0.16671,0.16671,13.15676055435642
2026-07-14 06:00:00+00:00,0.166704,0.166704,0.166621,0.166621,11.37154674761988
2026-07-14 06:05:00+00:00,0.16661,0.166621,0.16661,0.166621,18.35281993009826
2026-07-14 06:10:00+00:00,0.166617,0.166621,0.166613,0.166621,11.60069434644296
2026-07-14 06:15:00+00:00,0.166621,0.166621,0.166606,0.166621,17.46620626290968
2026-07-14 06:20:00+00:00,0.16661,0.166621,0.166595,0.166608,16.64985126273329
2026-07-14 06:25:00+00:00,0.166601,0.166621,0.166601,0.166621,15.16619438954261
2026-07-14 06:30:00+00:00,0.166613,0.166661,0.166587,0.166621,14.51195823250383
2026-07-14 06:35:00+00:00,0.166621,0.166909,0.166617,0.166647,16.62600308396403
2026-07-14 06:40:00+00:00,0.166638,0.166638,0.166606,0.16661,16.53203377391631
2026-07-14 06:45:00+00:00,0.166601,0.16671,0.166601,0.166704,13.35606122602333
2026-07-14 06:50:00+00:00,0.166695,0.16671,0.166689,0.166689,14.56154186852454
2026-07-14 06:55:00+00:00,0.166621,0.166621,0.166606,0.166606,13.22934217086805
2026-07-14 07:00:00+00:00,0.166598,0.166621,0.166598,0.166621,13.03043597733042
2026-07-14 07:05:00+00:00,0.166621,0.166621,0.166605,0.16661,16.87733018477154
2026-07-14 07:10:00+00:00,0.166604,0.16661,0.166499,0.166499,16.84348134953912
2026-07-14 07:15:00+00:00,0.16649,0.166621,0.16649,0.16661,11.5652181159106
2026-07-14 07:20:00+00:00,0.16661,0.166621,0.166596,0.166621,11.11216911604154
2026-07-14 07:25:00+00:00,0.166621,0.166621,0.166594,0.166594,11.35192526889877
2026-07-14 07:30:00+00:00,0.166583,0.166621,0.166583,0.166621,11.23596219805961
2026-07-14 07:35:00+00:00,0.16666,0.16666,0.166621,0.166621,13.00330639609586
2026-07-14 07:40:00+00:00,0.166621,0.166621,0.166601,0.166601,15.00889185834312
2026-07-14 07:45:00+00:00,0.166621,0.166621,0.166608,0.166621,16.85985145415002
2026-07-14 07:50:00+00:00,0.166609,0.166621,0.166602,0.166602,14.92442863541194
2026-07-14 07:55:00+00:00,0.166594,0.166621,0.16659,0.166621,11.12958055841994
2026-07-14 08:00:00+00:00,0.166614,0.166621,0.166597,0.166621,11.00607657350565
2026-07-14 08:05:00+00:00,0.166615,0.166621,0.166607,0.166621,11.43490544806439
2026-07-14 08:10:00+00:00,0.166621,0.166621,0.166595,0.166621,17.07183805359961
2026-07-14 08:15:00+00:00,0.166613,0.166621,0.166584,0.166621,12.77638382935824
2026-07-14 08:20:00+00:00,0.166621,0.166621,0.166595,0.166595,14.7576761942966
2026-07-14 08:25:00+00:00,0.166595,0.166621,0.166551,0.166614,12.62572273090967
2026-07-14 08:30:00+00:00,0.16666,0.16671,0.16666,0.166683,13.29040461144966
2026-07-14 08:35:00+00:00,0.16666,0.16666,0.166621,0.166621,11.5648351
2026-07-14 08:40:00+00:00,0.166613,0.166621,0.16659,0.166621,11.41657637067
2026-07-14 08:45:00+00:00,0.166616,0.166621,0.166616,0.166621,9.55166739642
2026-07-14 08:50:00+00:00,0.166621,0.166621,0.166621,0.166621,9.4474107
2026-07-14 08:55:00+00:00,0.166621,0.166621,0.166611,0.166611,11.50869369479554
2026-07-14 09:00:00+00:00,0.166605,0.166621,0.166605,0.166621,9.4246007964596
2026-07-14 09:05:00+00:00,0.166621,0.166621,0.166621,0.166621,9.4307486
2026-07-14 09:10:00+00:00,0.166621,0.166621,0.166616,0.166621,11.31956365682928
2026-07-14 09:15:00+00:00,0.166621,0.16666,0.166609,0.16666,10.99515500796204
2026-07-14 09:20:00+00:00,0.166621,0.166621,0.166617,0.166617,11.46256580203789
2026-07-14 09:25:00+00:00,0.166609,0.166621,0.166609,0.166621,11.327985861202
2026-07-14 09:30:00+00:00,0.166612,0.166612,0.166575,0.166575,11.14989907405402
2026-07-14 09:35:00+00:00,0.166571,0.16661,0.166548,0.16661,10.93272632669575
2026-07-14 09:40:00+00:00,0.16661,0.16661,0.16658,0.16658,13.39159874531309
2026-07-14 09:45:00+00:00,0.16657,0.166621,0.16657,0.166621,11.45008263105689
2026-07-14 09:50:00+00:00,0.166621,0.166621,0.166621,0.166621,9.4474107
2026-07-14 09:55:00+00:00,0.166621,0.16681,0.166621,0.16666,9.4670938
2026-07-14 10:00:00+00:00,0.16666,0.16671,0.166621,0.16671,9.4826159
2026-07-14 10:05:00+00:00,0.166621,0.16666,0.166621,0.16666,9.5487522
2026-07-14 10:10:00+00:00,0.166621,0.16666,0.166621,0.16666,9.4645057
2026-07-14 10:15:00+00:00,0.16666,0.166959,0.16666,0.166959,9.2396018
2026-07-14 10:20:00+00:00,0.166959,0.167593,0.166909,0.167593,34.63199845230386
2026-07-14 10:25:00+00:00,0.167603,0.167635,0.167603,0.167635,9.16025837448704
2026-07-14 10:30:00+00:00,0.167646,0.168197,0.167646,0.168147,9.13939277473339
2026-07-14 10:35:00+00:00,0.168147,0.168248,0.168147,0.168248,9.6563242
2026-07-14 10:40:00+00:00,0.168248,0.168292,0.168248,0.168292,9.693122
2026-07-14 10:45:00+00:00,0.168292,0.168292,0.168292,0.168292,9.7777652
2026-07-14 10:50:00+00:00,0.168292,0.168292,0.168292,0.168292,9.6094732
2026-07-14 10:55:00+00:00,0.168294,0.168344,0.168292,0.168344,9.660643
2026-07-14 11:00:00+00:00,0.168344,0.168344,0.168292,0.168292,9.6942224
2026-07-14 11:05:00+00:00,0.168292,0.168294,0.168292,0.168294,9.390738
2026-07-14 11:10:00+00:00,0.168292,0.168292,0.168292,0.168292,9.7777652
2026-07-14 11:15:00+00:00,0.168292,0.168292,0.168197,0.168292,9.5578931
2026-07-14 11:20:00+00:00,0.168097,0.168097,0.168097,0.168097,9.581529
2026-07-14 11:25:00+00:00,0.168097,0.168146,0.167995,0.168096,9.5304228
2026-07-14 11:30:00+00:00,0.168196,0.168295,0.168196,0.168196,9.7396869
2026-07-14 11:35:00+00:00,0.168196,0.168196,0.168096,0.168096,9.9055744
2026-07-14 11:40:00+00:00,0.168096,0.168146,0.168096,0.168146,9.6335808
2026-07-14 11:45:00+00:00,0.168196,0.168295,0.168196,0.168295,9.7083445
2026-07-14 11:50:00+00:00,0.168295,0.168496,0.168295,0.168447,9.4957666
2026-07-14 11:55:00+00:00,0.168596,0.168795,0.168596,0.168795,9.8669575
2026-07-14 12:00:00+00:00,0.168795,0.168795,0.168447,0.168447,9.5964216
2026-07-14 12:05:00+00:00,0.168447,0.168596,0.168297,0.168297,9.586277
2026-07-14 12:10:00+00:00,0.168295,0.168447,0.168295,0.168447,9.3606308
2026-07-14 12:15:00+00:00,0.168297,0.168297,0.168295,0.168295,9.8116917
2026-07-14 12:20:00+00:00,0.168295,0.168295,0.168295,0.168295,9.8452575
2026-07-14 12:25:00+00:00,0.168295,0.168295,0.168295,0.168295,9.626474
2026-07-14 12:30:00+00:00,0.168295,0.168695,0.168295,0.168496,9.7369084
2026-07-14 12:35:00+00:00,0.168496,0.169142,0.168447,0.169142,35.11232613075658
2026-07-14 12:40:00+00:00,0.16915,0.169192,0.16915,0.169192,9.37431624117365
2026-07-14 12:45:00+00:00,0.169203,0.169242,0.169203,0.169242,11.13022320563814
2026-07-14 12:50:00+00:00,0.169242,0.16929,0.169242,0.16929,12.73280926860537
2026-07-14 12:55:00+00:00,0.169299,0.169325,0.169299,0.169325,9.28059452200661
2026-07-14 13:00:00+00:00,0.169325,0.169382,0.169325,0.169382,15.29193377400645
2026-07-14 13:05:00+00:00,0.169391,0.169425,0.169391,0.169425,11.03381254863833
2026-07-14 13:10:00+00:00,0.16943,0.169457,0.16943,0.169457,9.11787225720157
2026-07-14 13:15:00+00:00,0.169457,0.169508,0.169457,0.169508,13.32611763656494
2026-07-14 13:20:00+00:00,0.169519,0.169566,0.169519,0.169566,13.43933804816858
2026-07-14 13:25:00+00:00,0.169566,0.169617,0.169135,0.169135,38.24018353248717
2026-07-14 13:30:00+00:00,0.168965,0.168965,0.16893,0.16893,10.97945664198792
2026-07-14 13:35:00+00:00,0.168921,0.168921,0.168881,0.168881,9.37809783843865
2026-07-14 13:40:00+00:00,0.168869,0.168869,0.168839,0.168839,9.37507937354583
2026-07-14 13:45:00+00:00,0.168839,0.168839,0.168786,0.168786,11.33995504195083
2026-07-14 13:50:00+00:00,0.168779,0.168779,0.168739,0.168739,10.99564964217019
2026-07-14 13:55:00+00:00,0.16873,0.16873,0.168691,0.168691,11.10016331148084
2026-07-14 14:00:00+00:00,0.168686,0.168686,0.168641,0.168641,13.03962746906224
2026-07-14 14:05:00+00:00,0.168629,0.168629,0.1686,0.1686,9.52547380599563
2026-07-14 14:10:00+00:00,0.1686,0.1686,0.168552,0.168552,13.10655535772172
2026-07-14 14:15:00+00:00,0.168545,0.168545,0.168508,0.168508,9.31290670454228
2026-07-14 14:20:00+00:00,0.168508,0.168508,0.168467,0.168467,11.25967331593178
2026-07-14 14:25:00+00:00,0.168458,0.168458,0.16841,0.16841,10.99163444366255
2026-07-14 14:30:00+00:00,0.16841,0.16841,0.168345,0.168345,14.75830424770175
2026-07-14 14:35:00+00:00,0.168611,0.168656,0.168611,0.168656,14.63457097320124
2026-07-14 14:40:00+00:00,0.168656,0.168714,0.168656,0.168714,13.09760614181482
2026-07-14 14:45:00+00:00,0.168718,0.168761,0.168718,0.168761,10.91476927069527
2026-07-14 14:50:00+00:00,0.168761,0.168829,0.168761,0.168829,14.71869867640822
2026-07-14 14:55:00+00:00,0.168835,0.169164,0.168835,0.169164,32.43909986450707
2026-07-14 15:00:00+00:00,0.169351,0.169389,0.169351,0.169389,13.23690908822198
2026-07-14 15:05:00+00:00,0.169396,0.169446,0.169396,0.169446,12.98249990752148
2026-07-14 15:10:00+00:00,0.16945,0.169491,0.16945,0.169491,9.25183216419999
2026-07-14 15:15:00+00:00,0.169497,0.169536,0.169497,0.169536,11.44471759853341
2026-07-14 15:20:00+00:00,0.169543,0.169584,0.169543,0.169584,12.92831771281948
2026-07-14 15:25:00+00:00,0.169593,0.169626,0.169593,0.169626,9.58687937979027
2026-07-14 15:30:00+00:00,0.169631,0.169674,0.169631,0.169674,10.77525735479427
2026-07-14 15:35:00+00:00,0.169682,0.169716,0.169682,0.169716,11.60820031971824
2026-07-14 15:40:00+00:00,0.169727,0.169772,0.169727,0.169772,11.31611311229043
2026-07-14 15:45:00+00:00,0.169772,0.169815,0.169772,0.169815,10.9152842164765
2026-07-14 15:50:00+00:00,0.169815,0.169858,0.169815,0.169858,10.98844430349202
2026-07-14 15:55:00+00:00,0.169863,0.169863,0.168444,0.168444,31.17051879440649
2026-07-14 16:00:00+00:00,0.168543,0.168543,0.168285,0.168394,9.6157574
2026-07-14 16:05:00+00:00,0.168593,0.168792,0.168593,0.168792,9.5322591
2026-07-14 16:10:00+00:00,0.168692,0.168692,0.168593,0.168593,9.6480934
2026-07-14 16:15:00+00:00,0.168593,0.168593,0.168543,0.168543,9.6586439
2026-07-14 16:20:00+00:00,0.168742,0.169324,0.168742,0.169324,38.62254694142929
2026-07-14 16:25:00+00:00,0.169324,0.169381,0.169324,0.169381,13.11009594002372
2026-07-14 16:30:00+00:00,0.169381,0.169441,0.169381,0.169441,16.74620694977027
2026-07-14 16:35:00+00:00,0.169446,0.169492,0.169446,0.169492,13.380805264921
2026-07-14 16:40:00+00:00,0.169501,0.169538,0.169501,0.169538,11.02698425507176
2026-07-14 16:45:00+00:00,0.169548,0.169592,0.169548,0.169592,10.98060276763279
2026-07-14 16:50:00+00:00,0.169597,0.169628,0.169597,0.169628,10.74723287403067
2026-07-14 16:55:00+00:00,0.169639,0.169689,0.169639,0.169689,12.98541665221472
2026-07-14 17:00:00+00:00,0.1697,0.169735,0.1697,0.169735,11.05250545691239
2026-07-14 17:05:00+00:00,0.169747,0.169798,0.169747,0.169798,14.8346372604962
2026-07-14 17:10:00+00:00,0.169805,0.169805,0.168944,0.168944,36.49819988014796
2026-07-14 17:15:00+00:00,0.168944,0.168944,0.168901,0.168901,10.98295253891352
2026-07-14 17:20:00+00:00,0.168892,0.168892,0.168854,0.168854,9.25218489545136
2026-07-14 17:25:00+00:00,0.168842,0.168842,0.168808,0.168808,9.3854262592749
2026-07-14 17:30:00+00:00,0.168808,0.168808,0.168758,0.168758,13.02330265209858
2026-07-14 17:35:00+00:00,0.16875,0.16875,0.168714,0.168714,10.72009434581024
2026-07-14 17:40:00+00:00,0.16871,0.16871,0.16867,0.16867,11.31536176476669
2026-07-14 17:45:00+00:00,0.16866,0.16913,0.168637,0.16913,32.60171731214747
2026-07-14 17:50:00+00:00,0.169839,0.169839,0.16913,0.16913,34.977323429468
2026-07-14 17:55:00+00:00,0.169125,0.169125,0.169084,0.169084,11.35115272972979
2026-07-14 18:00:00+00:00,0.169072,0.169072,0.16903,0.16903,11.21476046901912
2026-07-14 18:05:00+00:00,0.169019,0.169019,0.168979,0.168979,13.22951287035123
2026-07-14 18:10:00+00:00,0.168979,0.168979,0.168934,0.168934,10.98636726662323
2026-07-14 18:15:00+00:00,0.168924,0.168924,0.168883,0.168883,11.10675309566659
2026-07-14 18:20:00+00:00,0.168876,0.168876,0.168834,0.168834,10.8367378820748
2026-07-14 18:25:00+00:00,0.168829,0.168829,0.16879,0.16879,11.28897305771068
2026-07-14 18:30:00+00:00,0.16879,0.16879,0.168753,0.168753,11.25394762929793
2026-07-14 18:35:00+00:00,0.168747,0.168747,0.168709,0.168709,11.33752206612139
2026-07-14 18:40:00+00:00,0.168698,0.168698,0.168651,0.168651,13.38703544524531
2026-07-14 18:45:00+00:00,0.168651,0.168651,0.168607,0.168607,10.5933669089512
2026-07-14 18:50:00+00:00,0.168607,0.168607,0.168548,0.168548,12.71864614511205
2026-07-14 18:55:00+00:00,0.168543,0.168543,0.168489,0.168489,14.93660797291189
2026-07-14 19:00:00+00:00,0.168489,0.169299,0.16844,0.169299,38.68123100322212
2026-07-14 19:05:00+00:00,0.169303,0.169339,0.169303,0.169339,11.62932208505245
2026-07-14 19:10:00+00:00,0.16935,0.169393,0.16935,0.169393,13.23226711953465
2026-07-14 19:15:00+00:00,0.169404,0.169432,0.169404,0.169432,9.23673843263268
2026-07-14 19:20:00+00:00,0.16944,0.169469,0.16944,0.169469,10.65740301246405
2026-07-14 19:25:00+00:00,0.16948,0.169513,0.16948,0.169513,9.60698874751343
2026-07-14 19:30:00+00:00,0.16952,0.169567,0.16952,0.169567,14.85147006669266
2026-07-14 19:35:00+00:00,0.169578,0.169622,0.169578,0.169622,12.74336682329921
2026-07-14 19:40:00+00:00,0.169631,0.169679,0.169631,0.169679,12.92233691808537
2026-07-14 19:45:00+00:00,0.169679,0.169717,0.169679,0.169717,10.99566469009244
2026-07-14 19:50:00+00:00,0.169717,0.169776,0.169717,0.169776,15.08199208517209
2026-07-14 19:55:00+00:00,0.169776,0.169834,0.169776,0.169834,14.87173748549479
2026-07-14 20:00:00+00:00,0.169844,0.16988,0.169844,0.16988,11.03333966546688
2026-07-14 20:05:00+00:00,0.16989,0.169929,0.16989,0.169929,11.54419249054405
2026-07-14 20:10:00+00:00,0.169929,0.169977,0.169929,0.169977,11.03476374364062
2026-07-14 20:15:00+00:00,0.169977,0.170033,0.169977,0.170033,13.07796809247681
2026-07-14 20:20:00+00:00,0.17004,0.170084,0.17004,0.170084,13.05537232295401
2026-07-14 20:25:00+00:00,0.170096,0.170129,0.170096,0.170129,11.0650975381682
2026-07-14 20:30:00+00:00,0.170136,0.17018,0.170136,0.17018,13.35372581691932
2026-07-14 20:35:00+00:00,0.170185,0.170223,0.170185,0.170223,10.86867351656556
2026-07-14 20:40:00+00:00,0.169888,0.169938,0.169888,0.169938,7.7820154
2026-07-14 20:45:00+00:00,0.169938,0.169938,0.169938,0.169938,9.8733978
2026-07-14 20:50:00+00:00,0.169938,0.169938,0.169888,0.169888,9.6513484
2026-07-14 20:55:00+00:00,0.169888,0.169888,0.169788,0.169838,9.7135786
2026-07-14 21:00:00+00:00,0.169838,0.169838,0.169737,0.169788,9.7288245
2026-07-14 21:05:00+00:00,0.169788,0.169788,0.169787,0.169787,9.6948833
2026-07-14 21:10:00+00:00,0.169787,0.169838,0.169787,0.169788,9.6110985
2026-07-14 21:15:00+00:00,0.169788,0.169788,0.169788,0.169788,9.8986404
2026-07-14 21:20:00+00:00,0.169838,0.169888,0.169838,0.169888,9.6139758
2026-07-14 21:25:00+00:00,0.169888,0.169888,0.169687,0.169687,9.6620455
2026-07-14 21:30:00+00:00,0.169687,0.169838,0.169687,0.169838,9.6586219
2026-07-14 21:35:00+00:00,0.169838,0.179545,0.169838,0.175134,394.5782151149222
2026-07-14 21:40:00+00:00,0.175134,0.175134,0.175069,0.175069,10.1920448
2026-07-14 21:45:00+00:00,0.175134,0.175134,0.175134,0.175134,10.0176648
2026-07-14 21:50:00+00:00,0.175018,0.175018,0.174089,0.174089,35.69505213708464
2026-07-14 21:55:00+00:00,0.174089,0.174089,0.174032,0.174032,15.22748223249732
2026-07-14 22:00:00+00:00,0.174032,0.175134,0.174012,0.175131,35.64565955085798
2026-07-14 22:05:00+00:00,0.174717,0.176886,0.174717,0.176886,35.85919700564088
2026-07-14 22:10:00+00:00,0.17709,0.17709,0.175264,0.175264,33.60068180564088
2026-07-14 22:15:00+00:00,0.175264,0.175264,0.174817,0.174817,9.9808994
2026-07-14 22:20:00+00:00,0.175069,0.175069,0.1734,0.1734,33.63953642881243
2026-07-14 22:25:00+00:00,0.173497,0.173701,0.173404,0.173701,9.9785414
2026-07-14 22:30:00+00:00,0.173502,0.173701,0.173404,0.173701,9.9926827
2026-07-14 22:35:00+00:00,0.17375,0.174272,0.173551,0.174272,33.86081866155008
2026-07-14 22:40:00+00:00,0.175418,0.175617,0.175143,0.175468,9.8406837
2026-07-14 22:45:00+00:00,0.175468,0.175517,0.175468,0.175517,10.1777173
2026-07-14 22:50:00+00:00,0.175517,0.176161,0.175517,0.176161,35.62172041230583
2026-07-14 22:55:00+00:00,0.176172,0.17621,0.176172,0.17621,11.86602488823362
2026-07-14 23:00:00+00:00,0.176216,0.176216,0.175269,0.175517,33.81209178489787
2026-07-14 23:05:00+00:00,0.175468,0.176895,0.175368,0.176497,33.89992715731395
2026-07-14 23:10:00+00:00,0.176878,0.176878,0.176447,0.176497,10.1558202
2026-07-14 23:15:00+00:00,0.176497,0.176849,0.17584,0.17584,35.80614284307235
2026-07-14 23:20:00+00:00,0.175836,0.175836,0.175789,0.175789,13.54506196075686
2026-07-14 23:25:00+00:00,0.175789,0.175789,0.175146,0.175146,11.85731174645106
2026-07-14 23:30:00+00:00,0.175146,0.175146,0.175146,0.175146,9.895749
2026-07-14 23:35:00+00:00,0.175146,0.175146,0.175122,0.175146,10.0881264
2026-07-14 23:40:00+00:00,0.175146,0.175146,0.175072,0.175072,9.9288394
2026-07-14 23:45:00+00:00,0.175146,0.175146,0.175146,0.175146,10.0533804
2026-07-14 23:50:00+00:00,0.175146,0.175146,0.175072,0.175146,9.8248322
2026-07-14 23:55:00+00:00,0.175146,0.175146,0.175146,0.175146,9.9482928
2026-07-15 00:00:00+00:00,0.175146,0.175173,0.175146,0.175146,9.8785314
2026-07-15 00:05:00+00:00,0.175146,0.175146,0.175146,0.175146,9.9658074
2026-07-15 00:10:00+00:00,0.175146,0.175146,0.175146,0.175146,10.0884096
2026-07-15 00:15:00+00:00,0.175146,0.175146,0.175146,0.175146,10.0183512
2026-07-15 00:20:00+00:00,0.175122,0.175122,0.174972,0.174972,9.890958
2026-07-15 00:25:00+00:00,0.174972,0.174972,0.174921,0.174921,9.7623105
2026-07-15 00:30:00+00:00,0.174921,0.174921,0.174771,0.174771,9.9998012
2026-07-15 00:35:00+00:00,0.174771,0.174771,0.17355,0.17355,35.48393906375328
2026-07-15 00:40:00+00:00,0.17355,0.1737,0.17355,0.1737,9.86448
2026-07-15 00:45:00+00:00,0.1736,0.1736,0.173196,0.173196,9.8732344
2026-07-15 00:50:00+00:00,0.173246,0.173346,0.172995,0.173346,9.8927699
2026-07-15 00:55:00+00:00,0.173246,0.173296,0.173095,0.173296,9.9408322
2026-07-15 01:00:00+00:00,0.173346,0.173398,0.173246,0.173398,9.9125588
2026-07-15 01:05:00+00:00,0.173346,0.173398,0.173346,0.173397,9.9345235
2026-07-15 01:10:00+00:00,0.173346,0.173398,0.173346,0.173398,9.9524378
2026-07-15 01:15:00+00:00,0.173398,0.173398,0.173398,0.173398,9.9877248
2026-07-15 01:20:00+00:00,0.173398,0.173501,0.173398,0.173501,9.9913754
2026-07-15 01:25:00+00:00,0.173451,0.173451,0.173401,0.173401,9.9202472
2026-07-15 01:30:00+00:00,0.173401,0.173401,0.173401,0.173401,10.0052377
2026-07-15 01:35:00+00:00,0.173401,0.173401,0.173401,0.173401,9.8318367
2026-07-15 01:40:00+00:00,0.173401,0.173401,0.173401,0.173401,9.8665169
2026-07-15 01:45:00+00:00,0.173401,0.173401,0.173401,0.173401,9.9532174
2026-07-15 01:50:00+00:00,0.173401,0.173401,0.173401,0.173401,9.9878976
2026-07-15 01:55:00+00:00,0.173401,0.176012,0.173401,0.176012,59.42200826553426
2026-07-15 02:00:00+00:00,0.176647,0.176894,0.176647,0.176892,10.2039727
2026-07-15 02:05:00+00:00,0.176892,0.176892,0.176697,0.176697,10.3635702
2026-07-15 02:10:00+00:00,0.176892,0.176892,0.176596,0.176596,9.9651247
2026-07-15 02:15:00+00:00,0.176647,0.176647,0.175217,0.175217,33.942096122592
2026-07-15 02:20:00+00:00,0.175217,0.175217,0.17514,0.17514,9.9491469
2026-07-15 02:25:00+00:00,0.17514,0.175143,0.174769,0.174819,9.9189991
2026-07-15 02:30:00+00:00,0.175143,0.175143,0.174769,0.174769,10.0201625
2026-07-15 02:35:00+00:00,0.174267,0.174267,0.173395,0.173395,33.66330763179002
2026-07-15 02:40:00+00:00,0.173395,0.173395,0.173395,0.173395,9.8314965
2026-07-15 02:45:00+00:00,0.173395,0.173395,0.173395,0.173395,9.883515
2026-07-15 02:50:00+00:00,0.173395,0.173395,0.173395,0.173395,9.744799
2026-07-15 02:55:00+00:00,0.173395,0.173449,0.173395,0.173449,9.8853834
2026-07-15 03:00:00+00:00,0.173449,0.173499,0.173449,0.173499,9.887713
2026-07-15 03:05:00+00:00,0.173499,0.173549,0.173499,0.1735,10.0814653
2026-07-15 03:10:00+00:00,0.1735,0.174267,0.1735,0.173549,27.65514349
2026-07-15 03:15:00+00:00,0.173395,0.173599,0.173395,0.173599,9.8564304
2026-07-15 03:20:00+00:00,0.173648,0.173648,0.17345,0.17345,9.8425251
2026-07-15 03:25:00+00:00,0.17345,0.174318,0.17345,0.174318,10.0815506
2026-07-15 03:30:00+00:00,0.174369,0.174727,0.174318,0.174318,9.9075465
2026-07-15 03:35:00+00:00,0.174318,0.174369,0.174318,0.174369,9.7989615
2026-07-15 03:40:00+00:00,0.173868,0.173868,0.17315,0.17315,35.66837985979504
2026-07-15 03:45:00+00:00,0.17315,0.17315,0.172998,0.172998,9.8799186
2026-07-15 03:50:00+00:00,0.173051,0.173051,0.173001,0.173001,9.9492675
2026-07-15 03:55:00+00:00,0.173001,0.173001,0.172998,0.172998,9.8782203
2026-07-15 04:00:00+00:00,0.172998,0.172998,0.172946,0.172946,10.032688
2026-07-15 04:05:00+00:00,0.172946,0.172998,0.172946,0.172998,10.0314816
2026-07-15 04:10:00+00:00,0.172998,0.172998,0.172998,0.172998,9.947385
2026-07-15 04:15:00+00:00,0.172998,0.172998,0.172998,0.172998,9.8089866
2026-07-15 04:20:00+00:00,0.172998,0.172998,0.172998,0.172998,10.0165842
2026-07-15 04:25:00+00:00,0.173001,0.173099,0.173,0.173099,10.0190085
2026-07-15 04:30:00+00:00,0.173,0.173,0.173,0.173,9.9821
2026-07-15 04:35:00+00:00,0.173,0.173049,0.173,0.173,9.9491709
2026-07-15 04:40:00+00:00,0.173,0.173,0.173,0.173,9.9302
2026-07-15 04:45:00+00:00,0.173,0.173,0.173,0.173,9.9648
2026-07-15 04:50:00+00:00,0.173,0.173,0.173,0.173,10.1205
2026-07-15 04:55:00+00:00,0.173,0.173,0.173,0.173,9.7918
2026-07-15 05:00:00+00:00,0.173,0.173,0.173,0.173,9.9648
2026-07-15 05:05:00+00:00,0.172949,0.172949,0.172949,0.172949,9.9272726
2026-07-15 05:10:00+00:00,0.172949,0.172949,0.171289,0.171289,35.4217918453624
2026-07-15 05:15:00+00:00,0.171438,0.171438,0.171289,0.171339,9.7828654
2026-07-15 05:20:00+00:00,0.171339,0.171339,0.171274,0.171274,9.9354195
2026-07-15 05:25:00+00:00,0.171274,0.171274,0.171274,0.171274,9.9167646
2026-07-15 05:30:00+00:00,0.171274,0.171274,0.171274,0.171274,9.7797454
2026-07-15 05:35:00+00:00,0.171339,0.171339,0.171274,0.171274,9.9532749
2026-07-15 05:40:00+00:00,0.171274,0.171274,0.171274,0.171274,10.0366564
2026-07-15 05:45:00+00:00,0.171274,0.171274,0.171274,0.171274,10.1222934
2026-07-15 05:50:00+00:00,0.171274,0.171274,0.171274,0.171274,9.7797454
2026-07-15 05:55:00+00:00,0.171274,0.171274,0.171274,0.171274,9.7454906
2026-07-15 06:00:00+00:00,0.171274,0.171274,0.171274,0.171274,10.019529
2026-07-15 06:05:00+00:00,0.171274,0.171274,0.171234,0.171234,9.847779
2026-07-15 06:10:00+00:00,0.171234,0.171274,0.171134,0.171274,9.6916544
2026-07-15 06:15:00+00:00,0.171083,0.171134,0.171083,0.171134,9.6165935
2026-07-15 06:20:00+00:00,0.171184,0.171274,0.171134,0.171134,9.9114606
2026-07-15 06:25:00+00:00,0.171234,0.171234,0.171037,0.171037,9.8227481
2026-07-15 06:30:00+00:00,0.171037,0.171238,0.171037,0.171238,9.7725038
2026-07-15 06:35:00+00:00,0.171277,0.171277,0.171187,0.171187,9.7947026
2026-07-15 06:40:00+00:00,0.171187,0.171238,0.171187,0.171187,9.8786476
2026-07-15 06:45:00+00:00,0.171137,0.171137,0.171087,0.171087,9.8050101
2026-07-15 06:50:00+00:00,0.171087,0.171137,0.171087,0.171137,10.0103395
2026-07-15 06:55:00+00:00,0.171137,0.171137,0.171037,0.171037,9.8723049
2026-07-15 07:00:00+00:00,0.170986,0.171277,0.170986,0.171037,9.785567
2026-07-15 07:05:00+00:00,0.170936,0.170936,0.17042,0.17042,33.186684901932
2026-07-15 07:10:00+00:00,0.169785,0.169884,0.169785,0.169884,9.8849124
2026-07-15 07:15:00+00:00,0.169884,0.169884,0.169735,0.169735,9.7281486
2026-07-15 07:20:00+00:00,0.169567,0.169685,0.169567,0.169586,15.11253517657028
2026-07-15 07:25:00+00:00,0.169574,0.169574,0.16938,0.16938,11.6138135869827
2026-07-15 07:30:00+00:00,0.16943,0.16943,0.167987,0.167987,42.11296589013611
2026-07-15 07:35:00+00:00,0.167983,0.167983,0.166596,0.166596,34.66067197406168
2026-07-15 07:40:00+00:00,0.166596,0.167833,0.166596,0.167632,32.95354203806022
2026-07-15 07:45:00+00:00,0.167732,0.167871,0.167718,0.167858,14.82070132247973
2026-07-15 07:50:00+00:00,0.167847,0.167871,0.167847,0.167871,16.81644250337509
2026-07-15 07:55:00+00:00,0.167871,0.167987,0.167871,0.167987,9.3688494
2026-07-15 08:00:00+00:00,0.167987,0.169481,0.167987,0.169481,35.11880487768942
2026-07-15 08:05:00+00:00,0.169492,0.16958,0.169492,0.169531,17.12880679679709
2026-07-15 08:10:00+00:00,0.169536,0.169599,0.169536,0.169567,13.48386890174469
2026-07-15 08:15:00+00:00,0.169571,0.16966,0.169567,0.16966,13.3221146974408
2026-07-15 08:20:00+00:00,0.169671,0.169735,0.169671,0.169685,13.59716728366933
2026-07-15 08:25:00+00:00,0.169785,0.169834,0.169784,0.169834,9.6114657
2026-07-15 08:30:00+00:00,0.169834,0.169896,0.169834,0.169884,16.86878736137985
2026-07-15 08:35:00+00:00,0.169888,0.169896,0.169485,0.169485,15.49778916226919
2026-07-15 08:40:00+00:00,0.169485,0.169571,0.169384,0.169571,17.44355990466573
2026-07-15 08:45:00+00:00,0.169571,0.169594,0.169571,0.169571,17.04143090190443
2026-07-15 08:50:00+00:00,0.169578,0.169591,0.169571,0.169571,16.91558491472306
2026-07-15 08:55:00+00:00,0.169571,0.169571,0.169571,0.169571,9.5129331
2026-07-15 09:00:00+00:00,0.169571,0.169571,0.169571,0.169571,9.8520751
2026-07-15 09:05:00+00:00,0.169571,0.169571,0.169485,0.169485,7.8491593
2026-07-15 09:10:00+00:00,0.169485,0.169586,0.169485,0.169579,19.10158778556122
2026-07-15 09:15:00+00:00,0.169588,0.169589,0.169571,0.169589,14.90904242854367
2026-07-15 09:20:00+00:00,0.169589,0.169896,0.169589,0.169884,22.66934591844287
2026-07-15 09:25:00+00:00,0.169891,0.169891,0.16957,0.169734,13.43716320283342
2026-07-15 09:30:00+00:00,0.169742,0.169833,0.169742,0.169833,15.41038987785249
2026-07-15 09:35:00+00:00,0.169833,0.169854,0.169784,0.169784,13.54872776852075
2026-07-15 09:40:00+00:00,0.169794,0.169946,0.169585,0.169585,17.08426925752605
2026-07-15 09:45:00+00:00,0.169585,0.169634,0.16957,0.16957,17.03180662936769
2026-07-15 09:50:00+00:00,0.16957,0.169582,0.16957,0.169577,13.46192489647771
2026-07-15 09:55:00+00:00,0.16957,0.169579,0.16957,0.16957,13.57966066193779
2026-07-15 10:00:00+00:00,0.169582,0.169634,0.16957,0.169585,11.49122575403828
2026-07-15 10:05:00+00:00,0.169597,0.169638,0.16957,0.169638,11.64699360258105
2026-07-15 10:10:00+00:00,0.169684,0.169684,0.16957,0.16957,15.10308466209662
2026-07-15 10:15:00+00:00,0.16957,0.169609,0.16957,0.169585,15.30222567088768
2026-07-15 10:20:00+00:00,0.169585,0.1696,0.16957,0.169583,16.71293503908297
2026-07-15 10:25:00+00:00,0.16957,0.169594,0.16957,0.169594,13.23824464484674
2026-07-15 10:30:00+00:00,0.169594,0.173845,0.16957,0.173148,89.19655298761644
2026-07-15 10:35:00+00:00,0.172692,0.172692,0.169574,0.169634,66.47116852583834
2026-07-15 10:40:00+00:00,0.169622,0.169784,0.16957,0.169684,19.01758908508064
2026-07-15 10:45:00+00:00,0.169677,0.169784,0.169677,0.169684,16.91576119408574
2026-07-15 10:50:00+00:00,0.169677,0.169677,0.169634,0.169634,9.64906733647894
2026-07-15 10:55:00+00:00,0.16957,0.169634,0.16957,0.169585,16.75137777562097
2026-07-15 11:00:00+00:00,0.169585,0.169585,0.169564,0.16957,15.27578740311114
2026-07-15 11:05:00+00:00,0.16956,0.16957,0.169434,0.169434,13.26858893739556
2026-07-15 11:10:00+00:00,0.169534,0.16957,0.169534,0.169559,9.61056684152457
2026-07-15 11:15:00+00:00,0.16957,0.16957,0.16957,0.16957,11.598588
2026-07-15 11:20:00+00:00,0.169565,0.16957,0.169534,0.16957,11.45076504196223
2026-07-15 11:25:00+00:00,0.16957,0.17026,0.169395,0.169395,36.83728319763974
2026-07-15 11:30:00+00:00,0.169391,0.169408,0.169391,0.169408,9.72553102814675
2026-07-15 11:35:00+00:00,0.169408,0.169408,0.169393,0.169393,15.73713299292712
2026-07-15 11:40:00+00:00,0.169393,0.169393,0.169301,0.169301,15.25513293322259
2026-07-15 11:45:00+00:00,0.169408,0.169408,0.169394,0.169402,11.2943379553195
2026-07-15 11:50:00+00:00,0.169408,0.169408,0.169408,0.169408,9.656256
2026-07-15 11:55:00+00:00,0.169408,0.169408,0.169397,0.169408,13.11369945962087
2026-07-15 12:00:00+00:00,0.169408,0.169408,0.169408,0.169408,9.8595456
2026-07-15 12:05:00+00:00,0.169408,0.169408,0.169401,0.169408,11.54375417016638
2026-07-15 12:10:00+00:00,0.169408,0.169408,0.169301,0.169408,9.8921967
2026-07-15 12:15:00+00:00,0.169408,0.169408,0.169408,0.169408,9.7070784
2026-07-15 12:20:00+00:00,0.169408,0.169408,0.16938,0.16938,12.87291552698743
2026-07-15 12:25:00+00:00,0.16938,0.169411,0.169348,0.169411,11.31417390989636
2026-07-15 12:30:00+00:00,0.169411,0.169505,0.169411,0.169411,11.6406601
2026-07-15 12:35:00+00:00,0.169411,0.169411,0.169387,0.169387,12.72711822126289
2026-07-15 12:40:00+00:00,0.169387,0.169411,0.169373,0.169411,13.62845305130623
2026-07-15 12:45:00+00:00,0.169406,0.169555,0.169402,0.169555,11.43614469743408
2026-07-15 12:50:00+00:00,0.169555,0.169704,0.169555,0.169704,9.5306449
2026-07-15 12:55:00+00:00,0.169704,0.169704,0.169505,0.169605,11.6494025
2026-07-15 13:00:00+00:00,0.169605,0.171107,0.169584,0.171107,38.99249733416808
2026-07-15 13:05:00+00:00,0.171107,0.17111,0.171107,0.171107,7.905177
2026-07-15 13:10:00+00:00,0.171107,0.171107,0.171057,0.171057,9.6663855
2026-07-15 13:15:00+00:00,0.171057,0.17111,0.171057,0.171057,9.8375848
2026-07-15 13:20:00+00:00,0.171057,0.171107,0.171057,0.171107,9.8375125
2026-07-15 13:25:00+00:00,0.17111,0.17111,0.170956,0.171057,9.781544
2026-07-15 13:30:00+00:00,0.171057,0.17111,0.171057,0.17111,9.7514468
2026-07-15 13:35:00+00:00,0.17111,0.171352,0.17111,0.17111,9.6020056
2026-07-15 13:40:00+00:00,0.17111,0.17111,0.17111,0.17111,9.787492
2026-07-15 13:45:00+00:00,0.171057,0.171057,0.170956,0.170956,9.8163387
2026-07-15 13:50:00+00:00,0.17111,0.17111,0.170705,0.170805,10.061623
2026-07-15 13:55:00+00:00,0.170805,0.170805,0.170755,0.170805,9.802512
2026-07-15 14:00:00+00:00,0.170805,0.17111,0.170805,0.171057,9.5953277
2026-07-15 14:05:00+00:00,0.171057,0.171057,0.170956,0.170956,9.7638893
2026-07-15 14:10:00+00:00,0.170956,0.17111,0.170956,0.171057,9.7167349
2026-07-15 14:15:00+00:00,0.171057,0.171057,0.170906,0.170956,9.8305212
2026-07-15 14:20:00+00:00,0.170956,0.170956,0.170856,0.170856,9.9791304
2026-07-15 14:25:00+00:00,0.170856,0.170856,0.170221,0.170221,38.25058493877529
2026-07-15 14:30:00+00:00,0.170214,0.170214,0.17017,0.17017,11.53037298455506
2026-07-15 14:35:00+00:00,0.169505,0.169604,0.169455,0.169455,9.8510809
2026-07-15 14:40:00+00:00,0.169455,0.169505,0.169455,0.169455,9.660065
2026-07-15 14:45:00+00:00,0.169455,0.169554,0.169455,0.169554,9.7465096
2026-07-15 14:50:00+00:00,0.169554,0.169604,0.169554,0.169604,9.834727
2026-07-15 14:55:00+00:00,0.169604,0.169604,0.169604,0.169604,9.8031112
2026-07-15 15:00:00+00:00,0.169554,0.169554,0.169455,0.169554,9.7821174
2026-07-15 15:05:00+00:00,0.169412,0.169654,0.169412,0.169654,9.6301784
2026-07-15 15:10:00+00:00,0.169654,0.169654,0.169554,0.169554,9.5989664
2026-07-15 15:15:00+00:00,0.169455,0.169554,0.169455,0.169554,9.7278654
2026-07-15 15:20:00+00:00,0.169604,0.169604,0.169505,0.169505,9.8154582
2026-07-15 15:25:00+00:00,0.169505,0.169555,0.169505,0.169555,9.765218
2026-07-15 15:30:00+00:00,0.169704,0.169704,0.169654,0.169654,9.7059238
2026-07-15 15:35:00+00:00,0.169654,0.169754,0.169426,0.169426,9.7897526
2026-07-15 15:40:00+00:00,0.169605,0.169605,0.169555,0.169555,9.6488345
2026-07-15 15:45:00+00:00,0.169555,0.169555,0.169505,0.169505,9.630144
2026-07-15 15:50:00+00:00,0.169505,0.169605,0.169411,0.169411,9.728575
2026-07-15 15:55:00+00:00,0.169411,0.169411,0.169411,0.169411,9.6394859
2026-07-15 16:00:00+00:00,0.169411,0.169411,0.169405,0.169411,9.5716531
2026-07-15 16:05:00+00:00,0.169411,0.169411,0.169153,0.169153,9.8058849
2026-07-15 16:10:00+00:00,0.169354,0.169354,0.169204,0.169254,9.6637884
2026-07-15 16:15:00+00:00,0.169254,0.169405,0.169254,0.169405,9.6175796
2026-07-15 16:20:00+00:00,0.169405,0.169411,0.169354,0.169411,9.7391084
2026-07-15 16:25:00+00:00,0.169304,0.169411,0.169304,0.169411,9.7549457
2026-07-15 16:30:00+00:00,0.169411,0.169411,0.169411,0.169411,9.656427
2026-07-15 16:35:00+00:00,0.169354,0.169354,0.168536,0.168536,36.6956173597144
2026-07-15 16:40:00+00:00,0.168526,0.168526,0.1685,0.1685,9.08689392612821
2026-07-15 16:45:00+00:00,0.168494,0.168695,0.168494,0.168695,34.70278416523172
2026-07-15 16:50:00+00:00,0.168704,0.168746,0.168704,0.168746,11.22847902538195
2026-07-15 16:55:00+00:00,0.168753,0.168784,0.168753,0.168784,9.17829295229594
2026-07-15 17:00:00+00:00,0.168792,0.168826,0.168792,0.168826,11.03124792114257
2026-07-15 17:05:00+00:00,0.16883,0.168869,0.16883,0.168869,11.30223033544696
2026-07-15 17:10:00+00:00,0.168869,0.168919,0.168869,0.168919,10.93908083842833
2026-07-15 17:15:00+00:00,0.168926,0.168967,0.168926,0.168967,9.0247523380906
2026-07-15 17:20:00+00:00,0.168975,0.169009,0.168975,0.169009,9.38496430599557
2026-07-15 17:25:00+00:00,0.169016,0.169056,0.169016,0.169056,10.87857759195434
2026-07-15 17:30:00+00:00,0.169066,0.16909,0.169066,0.16909,9.14564412267152
2026-07-15 17:35:00+00:00,0.169094,0.16913,0.169094,0.16913,9.28533105731802
2026-07-15 17:40:00+00:00,0.169137,0.16916,0.169137,0.16916,9.3581744575553
2026-07-15 17:45:00+00:00,0.16916,0.169411,0.16916,0.169411,10.95189894997338
2026-07-15 17:50:00+00:00,0.169411,0.169411,0.169411,0.169411,9.7750147
2026-07-15 17:55:00+00:00,0.169411,0.169411,0.169411,0.169411,9.6056037
2026-07-15 18:00:00+00:00,0.169411,0.169411,0.169411,0.169411,9.7241914
2026-07-15 18:05:00+00:00,0.169505,0.169505,0.169411,0.169411,9.7432945
2026-07-15 18:10:00+00:00,0.169505,0.169605,0.169505,0.169605,9.6471345
2026-07-15 18:15:00+00:00,0.169555,0.169555,0.169505,0.169555,9.561217
2026-07-15 18:20:00+00:00,0.169555,0.169555,0.169555,0.169555,9.562902
2026-07-15 18:25:00+00:00,0.169605,0.169605,0.169605,0.169605,9.6844455
2026-07-15 18:30:00+00:00,0.169605,0.169654,0.169605,0.169654,9.5849022
2026-07-15 18:35:00+00:00,0.169654,0.169704,0.169654,0.169704,9.672553
2026-07-15 18:40:00+00:00,0.169505,0.169505,0.169455,0.169455,9.7114865
2026-07-15 18:45:00+00:00,0.169505,0.169505,0.169411,0.169411,9.7263722
2026-07-15 18:50:00+00:00,0.169411,0.169411,0.169411,0.169411,9.7241914
2026-07-15 18:55:00+00:00,0.169411,0.169505,0.169411,0.169505,9.4721523
2026-07-15 19:00:00+00:00,0.169505,0.169505,0.169411,0.169411,9.4382983
2026-07-15 19:05:00+00:00,0.169411,0.169555,0.169411,0.169555,9.6411131
2026-07-15 19:10:00+00:00,0.169555,0.169555,0.169505,0.169505,9.6120635
2026-07-15 19:15:00+00:00,0.169505,0.169505,0.169455,0.169455,9.456179
2026-07-15 19:20:00+00:00,0.169455,0.169455,0.169411,0.169411,9.6913168
2026-07-15 19:25:00+00:00,0.169455,0.169505,0.169455,0.169505,9.694006
2026-07-15 19:30:00+00:00,0.169505,0.169505,0.169505,0.169505,9.593983
2026-07-15 19:35:00+00:00,0.169505,0.169505,0.169505,0.169505,9.729587
2026-07-15 19:40:00+00:00,0.169455,0.169455,0.169354,0.169411,9.3682682
2026-07-15 19:45:00+00:00,0.169411,0.169411,0.169354,0.169354,9.6375422
2026-07-15 19:50:00+00:00,0.169304,0.169304,0.169204,0.169304,9.5961468
2026-07-15 19:55:00+00:00,0.169304,0.169304,0.169304,0.169304,9.8027016
2026-07-15 20:00:00+00:00,0.169354,0.169411,0.169354,0.169411,9.7912775
2026-07-15 20:05:00+00:00,0.169411,0.169411,0.169411,0.169411,9.6056037
2026-07-15 20:10:00+00:00,0.169354,0.169411,0.169354,0.169411,9.6042984
2026-07-15 20:15:00+00:00,0.169405,0.169411,0.169405,0.169411,9.7409219
2026-07-15 20:20:00+00:00,0.169411,0.169411,0.169411,0.169411,9.656427
2026-07-15 20:25:00+00:00,0.169411,0.169411,0.169411,0.169411,9.7072503
2026-07-15 20:30:00+00:00,0.169411,0.169411,0.169411,0.169411,9.7411325
2026-07-15 20:35:00+00:00,0.169411,0.169411,0.169411,0.169411,9.8088969
2026-07-15 20:40:00+00:00,0.169411,0.169411,0.169411,0.169411,9.7750147
2026-07-15 20:45:00+00:00,0.169411,0.169411,0.169411,0.169411,9.6733681
2026-07-15 20:50:00+00:00,0.169411,0.169411,0.169405,0.169405,9.6562224
2026-07-15 20:55:00+00:00,0.169405,0.169405,0.169405,0.169405,9.8085495
2026-07-15 21:00:00+00:00,0.169405,0.169411,0.169405,0.169411,9.8086185
2026-07-15 21:05:00+00:00,0.169411,0.169411,0.169411,0.169411,9.6225448
2026-07-15 21:10:00+00:00,0.169411,0.169411,0.169411,0.169411,9.6225448
2026-07-15 21:15:00+00:00,0.169411,0.169411,0.169411,0.169411,9.5547804
2026-07-15 21:20:00+00:00,0.169411,0.169411,0.169411,0.169411,9.6394859
2026-07-15 21:25:00+00:00,0.169411,0.169411,0.169411,0.169411,9.6225448
2026-07-15 21:30:00+00:00,0.169411,0.169555,0.169411,0.169455,9.6788333
2026-07-15 21:35:00+00:00,0.169455,0.169455,0.169411,0.169411,9.5727027
2026-07-15 21:40:00+00:00,0.169411,0.169411,0.169411,0.169411,9.5039571
2026-07-15 21:45:00+00:00,0.169411,0.169505,0.169411,0.169411,9.5558332
2026-07-15 21:50:00+00:00,0.169411,0.169411,0.169411,0.169411,9.656427
2026-07-15 21:55:00+00:00,0.169411,0.169411,0.169411,0.169411,9.7750147
2026-07-15 22:00:00+00:00,0.169411,0.169411,0.169411,0.169411,9.656427
2026-07-15 22:05:00+00:00,0.169411,0.169411,0.169411,0.169411,9.7411325
2026-07-15 22:10:00+00:00,0.169411,0.169411,0.169411,0.169411,9.5886626
2026-07-15 22:15:00+00:00,0.169411,0.169411,0.169411,0.169411,9.7750147
2026-07-15 22:20:00+00:00,0.169411,0.169411,0.169411,0.169411,9.7241914
2026-07-15 22:25:00+00:00,0.169411,0.169411,0.169411,0.169411,9.7241914
2026-07-15 22:30:00+00:00,0.169411,0.169411,0.169411,0.169411,9.8766613
2026-07-15 22:35:00+00:00,0.169411,0.169411,0.169411,0.169411,9.6903092
2026-07-15 22:40:00+00:00,0.169411,0.169411,0.169411,0.169411,9.7750147
2026-07-15 22:45:00+00:00,0.169411,0.169411,0.169411,0.169411,9.6903092
2026-07-15 22:50:00+00:00,0.169411,0.169411,0.169411,0.169411,9.8936024
2026-07-15 22:55:00+00:00,0.169411,0.169411,0.169411,0.169411,9.6903092
2026-07-15 23:00:00+00:00,0.169411,0.169411,0.169411,0.169411,9.6225448
2026-07-15 23:05:00+00:00,0.169411,0.169411,0.169411,0.169411,9.8427791
2026-07-15 23:10:00+00:00,0.169411,0.169411,0.169411,0.169411,9.7919558
2026-07-15 23:15:00+00:00,0.169411,0.169411,0.169411,0.169411,9.7580736
2026-07-15 23:20:00+00:00,0.169411,0.169411,0.169411,0.169411,9.6394859
2026-07-15 23:25:00+00:00,0.169455,0.169455,0.169411,0.169411,9.5731823
2026-07-15 23:30:00+00:00,0.169411,0.169455,0.169411,0.169455,9.6923068
2026-07-15 23:35:00+00:00,0.169455,0.169455,0.169455,0.169455,9.794499
2026-07-15 23:40:00+00:00,0.169455,0.169455,0.169411,0.169411,9.7092787
2026-07-15 23:45:00+00:00,0.169411,0.169411,0.169411,0.169411,9.656427
2026-07-15 23:50:00+00:00,0.169411,0.169411,0.169411,0.169411,9.6903092
2026-07-15 23:55:00+00:00,0.169411,0.169411,0.169411,0.169411,9.6394859
2026-07-16 00:00:00+00:00,0.169411,0.169411,0.169411,0.169411,9.7580736
2026-07-16 00:05:00+00:00,0.169411,0.169411,0.169411,0.169411,9.5717215
2026-07-16 00:10:00+00:00,0.169411,0.169455,0.169411,0.169411,9.5727071
2026-07-16 00:15:00+00:00,0.169411,0.169411,0.169411,0.169411,9.656427
2026-07-16 00:20:00+00:00,0.169411,0.169411,0.169411,0.169411,9.6733681
2026-07-16 00:25:00+00:00,0.169411,0.169411,0.169411,0.169411,9.7411325
2026-07-16 00:30:00+00:00,0.169411,0.169411,0.169411,0.169411,9.6394859
2026-07-16 00:35:00+00:00,0.169411,0.169411,0.169411,0.169411,9.6056037
2026-07-16 00:40:00+00:00,0.169411,0.169411,0.169411,0.169411,9.8088969
2026-07-16 00:45:00+00:00,0.169411,0.169411,0.169411,0.169411,9.7750147
2026-07-16 00:50:00+00:00,0.169411,0.169411,0.169411,0.169411,9.7919558
2026-07-16 00:55:00+00:00,0.169411,0.169411,0.169411,0.169411,9.6733681
2026-07-16 01:00:00+00:00,0.169411,0.169411,0.169411,0.169411,9.6733681
2026-07-16 01:05:00+00:00,0.169411,0.169411,0.169411,0.169411,9.656427
2026-07-16 01:10:00+00:00,0.169411,0.169411,0.169411,0.169411,9.6056037
2026-07-16 01:15:00+00:00,0.169411,0.169411,0.169411,0.169411,9.656427
2026-07-16 01:20:00+00:00,0.169411,0.169411,0.169411,0.169411,9.3853694
2026-07-16 01:25:00+00:00,0.169411,0.169411,0.169411,0.169411,9.9783079
2026-07-16 01:30:00+00:00,0.169411,0.169411,0.169411,0.169411,9.5378393
2026-07-16 01:35:00+00:00,0.169411,0.169411,0.169411,0.169411,9.7919558
2026-07-16 01:40:00+00:00,0.168563,0.169455,0.168563,0.169455,9.57401051674801
2026-07-16 01:45:00+00:00,0.169455,0.169505,0.169455,0.169505,9.8464955
2026-07-16 01:50:00+00:00,0.169704,0.169704,0.169704,0.169704,9.7410096
2026-07-16 01:55:00+00:00,0.169704,0.169754,0.169704,0.169754,9.6906884
2026-07-16 02:00:00+00:00,0.169754,0.169754,0.169754,0.169754,9.6590026
2026-07-16 02:05:00+00:00,0.169754,0.169754,0.169704,0.169704,9.8264216
2026-07-16 02:10:00+00:00,0.169704,0.169704,0.169505,0.169505,9.6855927
2026-07-16 02:15:00+00:00,0.169505,0.169605,0.169505,0.169605,9.529511
2026-07-16 02:20:00+00:00,0.169704,0.169704,0.169704,0.169704,9.8258616
2026-07-16 02:25:00+00:00,0.169704,0.169704,0.169704,0.169704,9.8088912
2026-07-16 02:30:00+00:00,0.169704,0.169704,0.169605,0.169605,9.7715646
2026-07-16 02:35:00+00:00,0.169654,0.169654,0.169654,0.169654,9.839932
2026-07-16 02:40:00+00:00,0.169654,0.169654,0.169411,0.169605,9.767498
2026-07-16 02:45:00+00:00,0.169605,0.169654,0.169555,0.169654,9.8540587
2026-07-16 02:50:00+00:00,0.169654,0.169654,0.169555,0.169605,9.5657291
2026-07-16 02:55:00+00:00,0.169605,0.169654,0.169605,0.169654,9.7200325
2026-07-16 03:00:00+00:00,0.169654,0.169654,0.169605,0.169605,9.5334425
2026-07-16 03:05:00+00:00,0.169605,0.169605,0.169605,0.169605,9.8540505
2026-07-16 03:10:00+00:00,0.169605,0.171057,0.169605,0.171057,35.27109738543378
2026-07-16 03:15:00+00:00,0.17111,0.17111,0.171107,0.171107,9.7360882
2026-07-16 03:20:00+00:00,0.171057,0.171057,0.171006,0.171006,9.868209
2026-07-16 03:25:00+00:00,0.171006,0.171006,0.170956,0.170956,9.8145794
2026-07-16 03:30:00+00:00,0.170956,0.17111,0.170956,0.17111,9.921485
2026-07-16 03:35:00+00:00,0.17111,0.17111,0.171056,0.171056,9.8210384
2026-07-16 03:40:00+00:00,0.17111,0.17111,0.170259,0.170259,33.19243928543378
2026-07-16 03:45:00+00:00,0.169411,0.169411,0.169405,0.169405,9.5885282
2026-07-16 03:50:00+00:00,0.169405,0.169411,0.169405,0.169411,9.7918862
2026-07-16 03:55:00+00:00,0.169411,0.169411,0.169103,0.169103,9.683216
2026-07-16 04:00:00+00:00,0.169003,0.169153,0.169003,0.169153,9.6720566
2026-07-16 04:05:00+00:00,0.169003,0.169003,0.168563,0.168563,31.39895765775233
2026-07-16 04:10:00+00:00,0.16772,0.167762,0.16772,0.167762,9.6285854
2026-07-16 04:15:00+00:00,0.167811,0.167911,0.167762,0.167762,9.6508239
2026-07-16 04:20:00+00:00,0.16772,0.167762,0.16772,0.167762,9.6113094
2026-07-16 04:25:00+00:00,0.167762,0.16781,0.167721,0.16781,9.5457667
2026-07-16 04:30:00+00:00,0.16781,0.16781,0.16771,0.16771,9.529358
2026-07-16 04:35:00+00:00,0.16771,0.16771,0.16771,0.16771,9.593012
2026-07-16 04:40:00+00:00,0.167721,0.167909,0.167721,0.167909,9.4112913
2026-07-16 04:45:00+00:00,0.167959,0.168158,0.167959,0.168158,9.7496178
2026-07-16 04:50:00+00:00,0.168158,0.169303,0.168158,0.169303,36.72060022038476
2026-07-16 04:55:00+00:00,0.169303,0.169303,0.169303,0.169303,9.650271
2026-07-16 05:00:00+00:00,0.169303,0.169303,0.169303,0.169303,9.7518528
2026-07-16 05:05:00+00:00,0.169252,0.169303,0.169252,0.169303,9.7162378
2026-07-16 05:10:00+00:00,0.169303,0.169403,0.169303,0.169403,9.6034051
2026-07-16 05:15:00+00:00,0.169403,0.169403,0.169403,0.169403,9.5712695
2026-07-16 05:20:00+00:00,0.169403,0.169403,0.169403,0.169403,9.7237322
2026-07-16 05:25:00+00:00,0.169403,0.169405,0.169403,0.169405,9.8424075
2026-07-16 05:30:00+00:00,0.169405,0.169405,0.166871,0.166871,81.48499893964632
2026-07-16 05:35:00+00:00,0.167453,0.167554,0.167302,0.167554,9.6781984
2026-07-16 05:40:00+00:00,0.167554,0.167714,0.167503,0.167714,9.7206338
2026-07-16 05:45:00+00:00,0.167453,0.167714,0.167453,0.167604,9.5888346
2026-07-16 05:50:00+00:00,0.167714,0.167714,0.167604,0.167704,9.7592988
2026-07-16 05:55:00+00:00,0.167654,0.167714,0.167654,0.167714,9.5422486
2026-07-16 06:00:00+00:00,0.167714,0.167714,0.167704,0.167714,9.5425866
2026-07-16 06:05:00+00:00,0.167654,0.167714,0.167654,0.167714,9.5418726
2026-07-16 06:10:00+00:00,0.167714,0.167714,0.167654,0.167654,9.4917134
2026-07-16 06:15:00+00:00,0.167654,0.167714,0.167654,0.167714,9.55867
2026-07-16 06:20:00+00:00,0.167654,0.167654,0.167654,0.167654,9.7071666
2026-07-16 06:25:00+00:00,0.167654,0.167716,0.167654,0.167716,9.4746047
2026-07-16 06:30:00+00:00,0.167657,0.167657,0.167456,0.167506,9.4484446
2026-07-16 06:35:00+00:00,0.167557,0.167557,0.167356,0.167356,11.2319273741167
2026-07-16 06:40:00+00:00,0.167356,0.167607,0.167356,0.167607,9.6294115
2026-07-16 06:45:00+00:00,0.167607,0.167607,0.167506,0.167506,9.6674192
2026-07-16 06:50:00+00:00,0.167557,0.167707,0.167557,0.167707,9.5039369
2026-07-16 06:55:00+00:00,0.167716,0.167716,0.167607,0.167716,9.6256667
2026-07-16 07:00:00+00:00,0.167557,0.167607,0.167557,0.167607,9.7529774
2026-07-16 07:05:00+00:00,0.167607,0.167607,0.167607,0.167607,9.5368383
2026-07-16 07:10:00+00:00,0.167657,0.167716,0.167657,0.167716,9.3408175
2026-07-16 07:15:00+00:00,0.167707,0.167729,0.167557,0.167557,12.97211391861779
2026-07-16 07:20:00+00:00,0.167557,0.167557,0.167456,0.167456,9.5998647
2026-07-16 07:25:00+00:00,0.167506,0.167607,0.167506,0.167557,9.5507262
2026-07-16 07:30:00+00:00,0.167657,0.167707,0.167607,0.167707,9.6246468
2026-07-16 07:35:00+00:00,0.167657,0.167657,0.167456,0.167557,9.5512474
2026-07-16 07:40:00+00:00,0.167506,0.167657,0.167506,0.167657,9.4362377
2026-07-16 07:45:00+00:00,0.167707,0.167716,0.167707,0.167716,9.5427371
2026-07-16 07:50:00+00:00,0.167716,0.167716,0.167707,0.167707,9.4421039
2026-07-16 07:55:00+00:00,0.167707,0.167716,0.167707,0.167716,9.5093937
2026-07-16 08:00:00+00:00,0.167716,0.167716,0.167406,0.167406,9.4699991
2026-07-16 08:05:00+00:00,0.167406,0.167406,0.167356,0.167356,9.5075358
2026-07-16 08:10:00+00:00,0.166877,0.166877,0.165968,0.165968,34.75622770672116
2026-07-16 08:15:00+00:00,0.165867,0.166042,0.165818,0.166042,9.4741617
2026-07-16 08:20:00+00:00,0.166042,0.166222,0.166042,0.166222,9.3840592
2026-07-16 08:25:00+00:00,0.166222,0.166371,0.166222,0.166371,9.3467275
2026-07-16 08:30:00+00:00,0.166222,0.166322,0.166123,0.166123,9.4247889
2026-07-16 08:35:00+00:00,0.166123,0.166172,0.166073,0.166073,9.4020103
2026-07-16 08:40:00+00:00,0.166073,0.166115,0.166073,0.166115,12.71043679578591
2026-07-16 08:45:00+00:00,0.16612,0.16617,0.16612,0.16617,12.85483097294548
2026-07-16 08:50:00+00:00,0.166179,0.166211,0.166179,0.166211,8.8945981825422
2026-07-16 08:55:00+00:00,0.166217,0.166252,0.166217,0.166252,9.08624970369479
2026-07-16 09:00:00+00:00,0.166263,0.166296,0.166263,0.166296,9.0873976870131
2026-07-16 09:05:00+00:00,0.166296,0.166345,0.166296,0.166345,11.60720965136446
2026-07-16 09:10:00+00:00,0.166345,0.166411,0.166345,0.166411,16.34678124479484
2026-07-16 09:15:00+00:00,0.166411,0.166464,0.166411,0.166464,12.90142845583337
2026-07-16 09:20:00+00:00,0.166476,0.166501,0.166476,0.166501,8.97257704698292
2026-07-16 09:25:00+00:00,0.166507,0.166556,0.166507,0.166556,12.9278772354439
2026-07-16 09:30:00+00:00,0.16656,0.16658,0.166421,0.16647,11.389715918018
2026-07-16 09:35:00+00:00,0.16647,0.16647,0.166421,0.166421,9.4705015
2026-07-16 09:40:00+00:00,0.166321,0.166421,0.166321,0.166421,9.4493228
2026-07-16 09:45:00+00:00,0.166421,0.166876,0.166421,0.166876,32.9327986231592
2026-07-16 09:50:00+00:00,0.167657,0.167707,0.167657,0.167657,9.6743939
2026-07-16 09:55:00+00:00,0.16771,0.16771,0.16771,0.16771,9.794264
2026-07-16 10:00:00+00:00,0.167753,0.167852,0.167753,0.167852,9.6469558
2026-07-16 10:05:00+00:00,0.167902,0.168545,0.167902,0.168545,32.89091102973785
2026-07-16 10:10:00+00:00,0.169388,0.169388,0.169245,0.169388,9.7348479
2026-07-16 10:15:00+00:00,0.169295,0.169295,0.169295,0.169295,9.717533
2026-07-16 10:20:00+00:00,0.169295,0.169345,0.169295,0.169345,9.618236
2026-07-16 10:25:00+00:00,0.169388,0.169388,0.169296,0.169296,9.6684062
2026-07-16 10:30:00+00:00,0.169346,0.169394,0.169346,0.169394,9.687676
2026-07-16 10:35:00+00:00,0.169394,0.169397,0.169346,0.169346,9.7396168
2026-07-16 10:40:00+00:00,0.169394,0.169645,0.169394,0.169645,9.7797566
2026-07-16 10:45:00+00:00,0.169496,0.169496,0.169397,0.169397,5.99901
